,HaulLat,HaulLong,Year,Distance,BottomDepth,Plastic_Weight
1,54.0872,11.048,2016,3118,23,0.106
2,54.1002,11.0847,2013,2945,23,0.022
3,54.101,11.0867,2012,2889,23,0.024
4,54.1133,11.1508,2015,2823,23,0
5,54.1289,11.1835,2017,2781,23,0.244
6,54.1323,11.1912,2015,3030,24,0
7,54.1655,11.3243,2014,2765,24,0
8,54.1877,11.8703,2015,2896,18,0
9,54.1882,11.8615,2015,2690,17,0
10,54.1918,14.3123,2015,3082,15,0.001
11,54.1999,11.844,2017,3011,19,0
12,54.2003,11.8443,2014,2894,19,0
13,54.2024,14.2988,2017,2907,15,0
14,54.2074,14.293,2017,2775,14,0.04
15,54.2095,14.2907,2014,2793,14,0
16,54.2098,14.2942,2013,2699,15,0
17,54.21,14.2898,2016,2788,14,0
18,54.2125,14.2878,2014,2762,14,0
19,54.2135,14.2855,2015,2810,14,0.034
20,54.2137,14.2857,2013,2975,14,0.508
21,54.2144,14.291,2016,3033,14,0
22,54.2155,11.5465,2013,2813,25,0
23,54.2184,11.3348,2017,2989,22,0.016
24,54.2188,11.3355,2016,2887,21,0.054
25,54.231,11.6062,2015,3058,27,0.004
26,54.2402,11.4222,2014,2753,22,0
27,54.244,11.3415,2012,2853,22,0
28,54.2452,11.7535,2015,2837,26,0
29,54.2496,11.4528,2017,2769,22,0
30,54.2543,11.3263,2013,2919,19,0
31,54.2622,11.4155,2013,2984,23,0
32,54.274,11.8473,2015,2776,22,0
33,54.2746,11.416,2016,2774,23,0
34,54.2799,11.6513,2017,2717,25,0
35,54.2819,11.4145,2017,2773,21,0
36,54.2917,11.3078,2014,2717,21,0
37,54.292,11.5685,2017,2759,24,0
38,54.2978,11.6982,2017,2765,25,0
39,54.2997,11.6972,2013,2920,25,0
40,54.3039,11.9263,2017,2939,19,0
41,54.3058,11.4515,2014,3040,23,0
42,54.3073,11.9437,2012,2725,19,1.39
43,54.3087,11.328,2017,2753,21,0
44,54.3108,11.9268,2013,3132,18,0
45,54.3108,11.9283,2014,2722,19,0
46,54.3118,11.9287,2015,2786,19,0
47,54.3294,11.934,2016,2784,19,0
48,54.33,11.3778,2014,2758,22,0
49,54.335,15.0833,2017,3176,19,0.0806
50,54.3367,15.0883,2015,2186,19,0
51,54.355,15.1117,2016,2677,19,0.066
52,54.3753,11.7703,2015,2853,24,0
53,54.3753,14.1868,2015,3068,11,0.003
54,54.3755,11.7698,2012,2857,24,0
55,54.3757,11.7638,2017,2772,24,0.002
56,54.3757,11.7667,2013,3093,25,0
57,54.376,11.764,2014,2754,24,0
58,54.3798,11.7227,2016,2721,24,0
59,54.38,15.7267,2016,2930,30,1.00E-04
60,54.3817,15.7333,2016,2947,32,0
61,54.3817,15.7583,2017,2730,30,0.0042
62,54.3833,15.62,2015,2813,29,0
63,54.3833,15.62,2017,2736,30,0
64,54.3833,15.6317,2017,2924,30,0.009
65,54.3833,15.6333,2016,2599,30,0.02
66,54.3833,15.77,2017,2924,31,0.0081
67,54.385,15.5733,2016,2930,31,0.015
68,54.385,15.7617,2015,2844,31,0
69,54.385,19.2583,2016,2837,24,0.002
70,54.3862,14.3187,2017,2763,10,0
71,54.3867,19.2717,2017,3194,24,0
72,54.3917,19.3067,2015,3281,23,0
73,54.3922,11.5113,2017,2773,25,0
74,54.3925,14.1615,2013,2719,12,0
75,54.3927,14.1548,2016,2824,11,0
76,54.3935,11.507,2016,2793,24,0.004
77,54.3967,11.4353,2013,2690,23,0
78,54.4,19.2733,2016,2946,34,0
79,54.4017,19.0033,2017,3077,29,0.0012
80,54.4033,19.055,2016,2907,32,0.526
81,54.4033,19.0983,2017,3026,34,0.0226
82,54.4035,12.2177,2013,2801,17,0
83,54.4039,12.2192,2017,2782,17,0.048
84,54.404,12.2173,2014,2726,17,0
85,54.4041,12.2162,2017,2903,18,0
86,54.4047,12.219,2014,2769,17,0.401
87,54.405,16.0333,2015,2605,22,0
88,54.405,19,2015,989,27,0
89,54.4058,12.2193,2013,3035,17,0
90,54.4083,16.0317,2017,2026,26,0
91,54.4083,19.0517,2017,2824,33,0.0402
92,54.41,19.2883,2016,1531,41,0
93,54.4117,19.2817,2017,3165,42,0.1046
94,54.4118,12.3153,2016,2760,19,0
95,54.4133,11.432,2012,2805,23,0.006
96,54.415,19.3167,2016,2623,43,2.406
97,54.4152,12.2293,2012,3566,17,0
98,54.4175,14.0968,2014,2748,15,0.864
99,54.4183,15.7083,2016,2619,43,0.001
100,54.4183,19.0667,2015,2921,41,0.0687
101,54.4188,12.3252,2013,2809,21,0
102,54.42,19.0783,2017,3031,43,0.0634
103,54.42,19.0867,2016,2921,43,0.047
104,54.4227,10.733,2017,2738,19,7.95
105,54.4232,10.7308,2015,2811,18,0.244
106,54.4247,10.7278,2015,2896,19,0
107,54.4288,10.6975,2012,2622,18,0
108,54.43,16.01,2016,3063,28,0.003
109,54.4303,14.0747,2014,2692,14,0
110,54.4303,14.0787,2016,2386,13,0
111,54.4333,15.1533,2017,3245,31,0.356
112,54.4333,15.165,2015,2603,31,0.1864
113,54.4333,16.0167,2017,2726,27,1.00E-04
114,54.4333,16.0267,2017,2871,28,0.0063
115,54.4343,14.1873,2015,2693,14,0
116,54.4348,14.2547,2013,2752,12,0
117,54.435,16.0467,2017,3029,28,0
118,54.4363,12.3422,2015,2892,20,0.016
119,54.4367,15.18,2016,1352,31,3
120,54.4367,15.2017,2016,2713,31,0.03
121,54.4367,15.2117,2017,2520,31,0.0492
122,54.4367,16.045,2016,2595,27,0.1
123,54.4367,19.135,2017,3036,51,0.085
124,54.4375,12.3432,2016,2712,20,0
125,54.4378,12.345,2017,2942,16,0
126,54.438,12.3428,2013,2868,17,0
127,54.4397,10.6733,2017,2749,18,0
128,54.4399,12.3445,2017,2752,19,0
129,54.44,19.1267,2017,2492,53,0.0712
130,54.44,19.13,2016,2810,53,0.001
131,54.4402,12.3455,2015,2802,19,0
132,54.4408,10.6665,2013,3062,18,0.001
133,54.4408,12.3458,2014,2710,19,0
134,54.4417,15.7183,2015,2886,42,0
135,54.4438,12.3488,2012,3592,19,0.006
136,54.445,14.9267,2017,2926,22,6.00E-04
137,54.4458,10.6478,2013,2688,19,0
138,54.4458,11.4157,2017,2880,22,0
139,54.446,11.421,2015,3107,20,0
140,54.446,11.429,2016,3303,24,0
141,54.4463,11.4163,2013,2991,21,0.035
142,54.4467,14.935,2017,1458,22,0
143,54.4468,10.646,2014,2720,19,0.068
144,54.4468,14.9458,2013,2701,22,0
145,54.4468,14.9518,2014,3092,21,0
146,54.447,14.9413,2015,2998,23,0
147,54.4475,11.4072,2014,2723,20,0
148,54.4476,10.6455,2016,2979,20,0.006
149,54.4477,10.6438,2015,2720,19,0.126
150,54.4477,10.6465,2016,3242,19,0.094
151,54.448,10.6412,2014,3016,19,0
152,54.4483,15.005,2016,2621,24,0.01
153,54.4485,14.935,2012,2732,23,0
154,54.449,10.6368,2015,3050,19,0.002
155,54.451,11.3763,2016,3125,22,0.013
156,54.4512,10.6247,2012,2563,18,0
157,54.4514,10.6303,2016,2866,19,0.014
158,54.4528,10.6252,2015,2954,19,0.01
159,54.4531,10.6222,2016,2836,19,0.05
160,54.4538,10.6203,2014,2799,19,0.248
161,54.4547,10.6142,2015,2939,19,0
162,54.455,15.5383,2016,2729,50,3.00E-04
163,54.4553,14.229,2017,3256,14,0
164,54.4566,10.6022,2017,3065,20,0.015
165,54.4567,15.5317,2017,1946,50,0.048
166,54.4567,15.545,2016,2490,51,1.025
167,54.4567,15.6617,2017,2601,50,0.4243
168,54.4573,14.7457,2014,2787,16,0
169,54.4583,19.345,2016,2591,64,0.743
170,54.46,15.7433,2016,2653,50,0.002
171,54.462,14.747,2013,2762,16,0
172,54.4638,11.4245,2013,2248,26,0
173,54.465,15.7283,2017,2924,49,0.2878
174,54.4729,10.7112,2016,2950,20,0
175,54.4808,14.7483,2015,2845,17,0
176,54.4822,14.7483,2012,2854,18,0
177,54.4835,14.739,2014,2862,17,0
178,54.488,14.373,2016,2747,13,0
179,54.4883,14.7617,2017,2650,18,0
180,54.4897,10.6988,2014,2725,20,0
181,54.49,14.76,2017,2614,19,0
182,54.4902,10.6987,2014,2801,20,0.024
183,54.4912,10.6983,2013,2700,20,0
184,54.495,19.2517,2015,2910,71,0
185,54.497,13.986,2017,2757,17,0
186,54.4972,13.7798,2014,2757,18,0
187,54.4973,13.7473,2013,2802,18,0.086
188,54.4973,13.7515,2013,2757,17,2.114
189,54.4973,13.7908,2015,2951,19,6.036
190,54.4974,13.7463,2016,2850,18,0
191,54.4974,13.7877,2017,2884,18,0
192,54.4975,13.779,2015,2829,19,0
193,54.4977,13.7445,2014,2809,18,0.1
194,54.4983,13.7862,2012,2874,18,0.18
195,54.4985,13.7863,2016,3087,18,0
196,54.4997,13.9785,2014,2809,17,1.679
197,54.5,14.7633,2016,2834,19,0
198,54.5005,13.9762,2012,2928,19,0
199,54.5028,14.3807,2014,2711,14,0
200,54.5032,14.3797,2015,2759,14,0
201,54.5032,14.38,2014,2794,14,0.004
202,54.5033,14.3802,2013,2806,13,0
203,54.5036,14.3778,2017,2897,14,0
204,54.505,19.2867,2016,1309,72,0
205,54.5067,19.3267,2015,2803,70,8.00E-04
206,54.5081,13.9615,2016,2682,18,0
207,54.5083,18.9483,2017,3018,65,0.0016
208,54.5083,19.3267,2016,2693,73,0.031
209,54.509,14.3567,2015,2845,15,0.046
210,54.5092,14.3547,2013,2680,13,0
211,54.51,19.295,2017,3058,72,0.0014
212,54.5117,13.968,2016,2912,18,0.474
213,54.5123,13.9603,2013,2809,17,0
214,54.52,18.955,2017,2828,65,1.2468
215,54.5233,19.3933,2017,2955,71,0.0408
216,54.5293,14.2745,2015,2575,20,0.575
217,54.5298,14.2772,2014,2770,19,0
218,54.5312,14.2392,2017,2865,19,0.001
219,54.5312,14.2955,2014,2746,19,0
220,54.5332,14.9412,2014,2785,39,0
221,54.5333,14.921,2016,2892,37,0
222,54.5333,15.7483,2017,2705,56,0.136
223,54.5362,14.2332,2016,2819,19,0
224,54.5367,15.4883,2017,2607,58,0.0248
225,54.5372,14.4008,2013,2764,13,0
226,54.5377,14.2307,2015,2830,20,0.005
227,54.5386,14.2122,2016,3099,19,0
228,54.5388,13.9613,2015,3107,19,0
229,54.5389,10.147,2017,2932,21,0.454
230,54.54,15.4933,2016,2717,58,0
231,54.5417,14.8617,2017,2919,39,0.0954
232,54.5417,15.685,2017,2614,58,0.0092
233,54.5417,15.9983,2016,2785,47,0.07
234,54.5417,18.945,2016,2756,67,0.015
235,54.5419,11.3992,2013,2435,27,0
236,54.5423,13.8013,2014,2761,21,0.14
237,54.5433,15.475,2015,3118,58,0.0429
238,54.5435,13.8002,2015,2639,22,0.441
239,54.5436,11.3915,2016,2827,28,0
240,54.5475,11.3764,2014,2326,27,0
241,54.5483,15.4667,2017,1954,58,0
242,54.5493,10.7513,2016,2798,23,0
243,54.5493,11.3649,2014,NA,27,0
244,54.5493,13.8015,2013,2784,21,0
245,54.551,11.4072,2012,2476,26,0
246,54.5513,10.7583,2012,2635,21,0
247,54.5526,10.1768,2015,2485,18,0
248,54.5543,10.1755,2015,2721,20,0
249,54.5544,10.1755,2017,2751,19,0.001
250,54.555,15.4433,2016,2893,58,0.007
251,54.555,15.96,2017,2739,49,0.0074
252,54.5567,10.1802,2016,2815,20,0.105
253,54.5593,13.8005,2015,2827,21,0
254,54.5593,13.8013,2014,2708,21,0
255,54.5598,11.3582,2017,2864,29,0
256,54.56,14.9867,2016,2748,43,0.1465
257,54.56,15.965,2017,3169,50,0.2448
258,54.5633,14.7383,2017,2956,35,0
259,54.5633,14.9883,2017,2697,44,0
260,54.5633,15.8067,2017,2403,56,0.5314
261,54.5647,14.725,2015,2979,35,0
262,54.565,15.8133,2015,2614,56,0.0057
263,54.5663,12.4057,2016,2864,18,0.004
264,54.5667,15.645,2017,2855,59,0.2296
265,54.5675,14.5178,2015,3227,25,0
266,54.5675,14.7187,2013,2835,33,0.06
267,54.5705,14.4523,2015,2802,25,0
268,54.5705,14.4528,2013,2739,26,0
269,54.5705,14.4528,2014,2773,24,0
270,54.573,14.498,2016,2768,25,0
271,54.5733,14.4952,2017,2807,19,0
272,54.5743,14.0808,2015,2880,19,0
273,54.5757,14.6877,2014,2770,34,0
274,54.5767,19.3667,2016,2910,80,0.1928
275,54.5768,14.6832,2012,2939,35,0
276,54.5785,14.4878,2017,2881,26,0.03
277,54.579,14.6748,2015,2821,35,0
278,54.5794,14.6845,2016,3136,34,0
279,54.5795,12.4318,2013,2854,16,0
280,54.5841,14.6853,2017,2835,37,0
281,54.586,12.4482,2017,2989,18,0
282,54.5862,13.7405,2017,2782,25,0.239
283,54.5868,12.447,2014,2776,17,0
284,54.5882,12.6018,2017,2812,13,0
285,54.5887,11.238,2015,3261,27,0
286,54.589,11.2406,2015,2600,27,0.3
287,54.589,12.6003,2014,2806,13,0
288,54.5895,12.4515,2015,2808,17,0
289,54.5943,11.2357,2012,2557,26,0
290,54.5986,11.2197,2017,2844,27,0
291,54.5993,10.6502,2017,2774,23,0
292,54.6,10.6642,2013,2632,21,0
293,54.6005,14.614,2013,2762,34,0.152
294,54.6016,10.6563,2013,2198,21,0
295,54.6017,19.2067,2017,2830,83,0.0108
296,54.6033,19.2117,2017,2752,83,0.0254
297,54.6038,12.6005,2012,2783,16,0
298,54.604,10.6498,2016,2815,21,0
299,54.6095,11.2289,2014,2102,25,0
300,54.61,15.515,2015,2501,60,0
301,54.6105,11.1243,2016,3126,27,0.002
302,54.6106,11.1765,2016,2782,26,0
303,54.6113,14.4085,2014,2754,28,0
304,54.6158,10.665,2015,NA,21,0
305,54.62,15.9183,2017,2732,54,0.1012
306,54.6206,10.649,2017,2917,23,0
307,54.6233,16.0533,2015,2469,48,0.0244
308,54.6233,16.055,2016,2688,49,0.029
309,54.6242,10.6473,2014,2424,20,0
310,54.6252,12.9297,2016,2673,15,0
311,54.6252,14.9794,2016,NA,47,0.034
312,54.6253,12.9327,2013,2816,16,0
313,54.6267,14.76,2017,2720,48,0.1104
314,54.6267,16.0617,2017,2574,49,0.05
315,54.6272,12.6435,2013,2720,19,0
316,54.6273,14.7705,2015,2761,49,0
317,54.6282,10.6555,2012,2459,21,0
318,54.6287,12.9618,2014,2697,16,0
319,54.6292,12.9677,2015,2813,16,0
320,54.6298,10.337,2015,2824,20,0
321,54.631,14.1973,2015,3035,30,0
322,54.6317,14.1957,2016,2820,29,0
323,54.6337,14.7677,2014,2826,46,0
324,54.6338,14.7677,2012,2960,47,0
325,54.6344,14.766,2016,2946,46,0
326,54.635,15.9083,2016,2648,55,0.189
327,54.6358,14.1878,2012,2871,30,0.214
328,54.6358,14.766,2015,2820,47,0
329,54.6367,14.7663,2014,2826,47,0
330,54.6373,12.2093,2015,2771,19,0
331,54.638,12.21,2014,2757,19,1.094
332,54.6382,12.6802,2012,2834,18,0
333,54.6396,10.3554,2013,2220,20,0
334,54.6398,13.8247,2017,2818,25,0.048
335,54.6417,16.3717,2016,2882,33,0.55
336,54.645,16.3767,2016,2698,33,0
337,54.6452,12.1662,2012,2771,19,0.052
338,54.6465,14.1637,2014,2812,27,0
339,54.6467,16.3783,2015,2950,31,0
340,54.6483,14.1595,2013,2840,28,0
341,54.6483,19.0233,2015,2785,82,0
342,54.6488,14.1645,2016,3012,28,0.022
343,54.6492,14.158,2014,2805,28,0.242
344,54.6492,14.1588,2017,3175,29,0
345,54.65,14.1563,2013,2986,29,0
346,54.6533,16.41,2017,2789,32,0
347,54.6536,15.0976,2015,2782,58,0
348,54.6537,15.1294,2013,2774,58,0
349,54.654,15.1195,2015,NA,57,0.1
350,54.6542,12.7185,2017,2743,19,0.034
351,54.6542,15.1044,2016,NA,58,0.158
352,54.6557,10.3659,2014,NA,20,0
353,54.6563,14.6762,2014,2784,50,0
354,54.6567,16.4133,2017,2698,33,0.0012
355,54.6642,14.6087,2015,2820,49,0.1
356,54.665,14.8127,2012,2918,55,0
357,54.6657,12.2202,2013,2690,19,0.014
358,54.666,12.2227,2015,2986,19,0
359,54.6663,12.2247,2014,2714,19,0.002
360,54.6667,15.605,2016,2686,67,0.001
361,54.6672,12.7417,2014,2741,18,0
362,54.6683,15.92,2016,2834,54,0.05
363,54.6683,18.825,2016,2428,68,0.025
364,54.6687,14.6135,2016,2803,48,0.006
365,54.6688,14.634,2012,2743,50,0.004
366,54.6688,15.5882,2016,NA,66,0.006
367,54.6692,14.6138,2014,2741,48,0.004
368,54.6708,15.5951,2017,NA,67,0
369,54.6717,14.6163,2014,2740,48,0.006
370,54.6722,13.7802,2016,2785,32,0
371,54.6726,15.1216,2017,2822,60,3.304
372,54.674,13.781,2013,2774,31,0
373,54.6743,14.5108,2017,2748,38,0.218
374,54.6745,14.6183,2015,2842,50,0
375,54.6766,14.6107,2017,2844,48,0.124
376,54.6767,15.6217,2015,2690,65,0.0067
377,54.678,14.6023,2013,2825,46,0
378,54.6787,14.8397,2016,3004,53,0
379,54.6789,10.5057,2013,2331,24,0
380,54.6795,13.7868,2012,2778,31,0
381,54.68,16.595,2016,2637,28,0
382,54.6805,10.5298,2012,2530,24,0
383,54.6816,12.3032,2017,2786,19,0.003
384,54.6818,14.845,2014,2744,51,0
385,54.6819,14.61,2016,2961,48,0
386,54.6822,12.3018,2014,2785,19,0
387,54.6822,13.0248,2017,3256,19,0
388,54.6828,12.304,2013,2684,19,0
389,54.683,13.7863,2017,3041,35,0
390,54.6832,14.4427,2014,2700,29,0
391,54.6833,14.82,2017,2747,53,0.1634
392,54.6833,16.61,2015,2885,27,0.8882
393,54.6835,13.0097,2012,2796,19,0.19
394,54.6839,10.4997,2016,2775,29,0
395,54.684,10.4935,2017,2899,31,0
396,54.684,12.3047,2014,2757,19,0.798
397,54.6841,13.0132,2016,2768,19,0
398,54.6842,13.0085,2014,2713,19,0
399,54.6847,14.4487,2014,2658,31,0
400,54.6848,13.0052,2015,2855,20,0
401,54.6852,14.8523,2015,3096,53,0
402,54.6854,15.6777,2013,2752,66,0
403,54.6855,13.0017,2013,2826,19,0
404,54.6855,13.0033,2016,2928,19,0
405,54.6855,14.1048,2015,2979,26,0
406,54.6867,14.8182,2016,NA,54,0.074
407,54.6867,16.6283,2016,2744,27,1.2
408,54.6872,12.197,2013,2784,21,0
409,54.6874,10.736,2014,NA,21,0
410,54.6877,14.1075,2012,2873,26,0
411,54.6882,12.2013,2016,3113,20,0.144
412,54.6883,16.6283,2017,2710,28,0
413,54.689,12.9837,2013,2882,19,0
414,54.6896,12.2158,2017,2750,20,0
415,54.6899,12.9808,2017,2812,19,0.146
416,54.69,16.64,2017,2273,28,0.0378
417,54.6902,13.7878,2015,2970,37,0
418,54.6904,10.3537,2016,2894,24,0.19
419,54.6907,12.9788,2014,2762,14,0
420,54.6908,10.7395,2013,2420,21,0
421,54.6908,12.2098,2016,2684,20,0
422,54.6917,19.0983,2016,2682,93,0
423,54.693,14.4713,2013,2866,31,0.004
424,54.6931,14.6513,2017,2781,19,0.053
425,54.6945,14.4745,2016,2245,30,5
426,54.6962,14.1192,2016,2842,27,0.098
427,54.6973,14.4845,2015,2988,33,0
428,54.6982,12.2407,2012,2752,19,0.262
429,54.699,14.1262,2014,2813,26,0
430,54.6997,14.1275,2016,2760,26,0
431,54.7013,14.1287,2013,2760,26,0
432,54.7017,14.1303,2014,2754,26,1.26
433,54.7024,10.7412,2014,2068,20,0
434,54.7042,14.125,2013,2924,27,0
435,54.7043,10.7418,2015,2379,21,0
436,54.7055,10.7465,2015,NA,22,0
437,54.7067,18.7717,2015,2427,57,0
438,54.7091,13.114,2017,2784,23,0.104
439,54.7099,13.199,2016,2913,26,0
440,54.7108,13.2015,2014,2752,24,0
441,54.7117,18.7717,2016,2894,54,0.034
442,54.72,15.775,2017,2040,63,0.036
443,54.7255,14.697,2012,2882,52,0
444,54.7257,13.7235,2015,2869,41,0
445,54.7281,12.2895,2016,3186,21,0.844
446,54.7292,12.2903,2015,2963,22,0.79
447,54.7297,13.7263,2014,2793,40,0
448,54.73,12.2925,2013,2751,21,0
449,54.7305,15.0477,2014,2711,61,0.0115
450,54.7314,14.7187,2016,2860,50,0.008
451,54.7317,12.2943,2013,2811,22,0
452,54.7322,13.551,2016,2893,39,0
453,54.7328,13.726,2016,2641,40,0
454,54.733,12.296,2014,2748,22,0.37
455,54.7332,12.297,2015,2787,22,0
456,54.7332,13.5483,2015,2844,39,0.009
457,54.7333,18.97,2017,2719,92,0.0164
458,54.7338,12.302,2017,2903,22,0
459,54.7343,13.4018,2013,2798,37,0
460,54.7344,12.299,2016,2728,22,0
461,54.7349,13.5512,2016,2849,40,0
462,54.7362,13.5442,2014,2710,39,0
463,54.7362,13.728,2016,2783,41,0
464,54.7376,14.744,2017,2817,52,0
465,54.7377,13.3657,2013,2858,36,0
466,54.7387,12.3068,2012,2935,20,0.012
467,54.7455,13.5248,2015,2975,41,0
468,54.7469,10.1702,2016,2862,25,0
469,54.7478,13.3092,2013,2626,40,0
470,54.748,13.8967,2017,2697,39,0.01
471,54.7498,13.5165,2014,2786,39,0
472,54.75,16.915,2017,2048,29,0.0106
473,54.7505,14.9845,2016,NA,61,0.144
474,54.751,13.733,2015,2846,41,0.064
475,54.7517,16.9033,2015,2036,29,0
476,54.7525,13.945,2013,2987,37,0.003
477,54.753,13.7337,2013,2751,41,0
478,54.7542,13.7347,2012,2771,41,0
479,54.7548,13.273,2012,2822,39,0
480,54.7558,13.2695,2016,2685,39,0
481,54.7559,13.736,2017,2848,41,0.012
482,54.7568,13.2603,2014,2817,39,0.038
483,54.7573,13.4952,2012,2781,40,0.012
484,54.7577,13.9398,2014,2715,39,0
485,54.7583,15.0067,2012,2859,62,0
486,54.76,16.9183,2017,2553,30,0.185
487,54.7602,13.4878,2012,2865,40,0
488,54.7609,15.96,2015,NA,53,0.034
489,54.7617,16.8533,2017,2603,31,0.0064
490,54.7617,18.7233,2016,2946,47,0.1318
491,54.7633,18.7233,2017,2710,49,0.019
492,54.7647,13.4822,2017,2766,41,0.11
493,54.765,15.9483,2016,2785,55,0.056
494,54.765,18.7083,2017,3025,35,0.0167
495,54.7657,13.471,2016,2867,40,0
496,54.7675,14.8002,2012,2820,54,0
497,54.7683,15.9533,2017,1876,54,0.09
498,54.7683,16.86,2016,2877,31,0
499,54.7686,10.459,2015,2442,24,0
500,54.7694,10.4564,2014,2329,24,0
501,54.7717,15.9483,2017,2660,54,2.6238
502,54.7717,15.9517,2016,2785,54,1.0383
503,54.7717,16.8617,2017,2965,30,0.01
504,54.7718,13.934,2012,2854,40,0
505,54.7733,14.7993,2013,2865,50,0
506,54.7733,16.8667,2016,2665,30,0.0051
507,54.7733,17.0067,2015,2979,19,0
508,54.7735,14.6922,2017,3141,46,0
509,54.7749,13.9917,2016,2998,39,0
510,54.7756,15.6486,2016,NA,74,0
511,54.7757,13.9158,2017,2898,40,0.007
512,54.7767,15.3483,2016,2636,68,0.02
513,54.7767,17.0133,2016,2856,19,0.006
514,54.7767,18.69,2017,3229,35,0.0676
515,54.7768,14.9872,2015,2851,62,0
516,54.777,13.9347,2014,2744,39,0
517,54.7776,13.9273,2016,2753,39,0
518,54.7783,18.69,2016,3061,35,0.012
519,54.779,10.4633,2015,NA,25,0
520,54.78,17.0083,2016,2628,19,0
521,54.78,18.685,2015,2518,33,0.0034
522,54.7804,12.363,2017,2776,22,0.062
523,54.7808,12.3628,2017,2962,22,0.721
524,54.781,10.4207,2012,2365,24,0
525,54.7811,15.6934,2015,2891,76,0
526,54.7812,14.699,2013,2757,44,0.032
527,54.7815,12.3632,2015,2997,22,0.5
528,54.7817,14.95,2017,1821,59,0
529,54.7818,13.966,2013,2646,38,0
530,54.7828,13.9737,2013,3008,40,0
531,54.7833,17.0117,2017,2979,19,0.0708
532,54.7847,12.3607,2013,2873,22,0.25
533,54.7853,15.74,2017,2782,73,0
534,54.7854,14.9452,2016,2990,59,0
535,54.7857,10.168,2014,NA,26,0
536,54.7857,12.3602,2014,2731,22,3.568
537,54.7858,12.361,2014,2704,22,0.221
538,54.7872,14.9753,2014,2729,60,0
539,54.7875,10.1654,2014,2337,26,0
540,54.7875,12.3608,2013,2757,23,0.006
541,54.7881,10.1687,2015,NA,26,0
542,54.7883,15.645,2016,2811,74,0
543,54.7921,15.3046,2015,2791,71,0
544,54.7925,15.6955,2013,2884,75,0
545,54.7958,10.1715,2013,2096,27,0
546,54.7973,15.0353,2016,NA,60,0.002
547,54.7983,18.6667,2016,2684,34,0.13
548,54.799,15.3107,2017,2835,70,0
549,54.7993,13.2338,2017,2883,44,0.12
550,54.7999,13.9842,2016,2812,40,0
551,54.8004,15.3101,2013,2769,72,0
552,54.8006,13.4515,2016,3178,44,0
553,54.8032,13.2498,2016,3170,44,0
554,54.8032,15.0153,2012,3067,57,0
555,54.8035,14.9962,2017,NA,60,0
556,54.8037,12.9853,2013,2792,25,0
557,54.8042,13.2382,2017,2784,44,5.2
558,54.8043,10.3148,2012,2418,27,0
559,54.8045,13.2392,2013,2736,44,0.18
560,54.805,13.2325,2015,2871,44,0.023
561,54.8053,13.2307,2014,2780,43,0
562,54.8053,15.0047,2016,2800,57,0.366
563,54.8054,15.005,2017,2819,57,0
564,54.8055,13.2238,2014,2791,43,0
565,54.8056,13.4485,2017,2954,46,0.04
566,54.8058,13.4392,2014,2778,44,0
567,54.8068,13.2077,2013,2821,43,0.012
568,54.8073,13.4348,2015,3261,46,0
569,54.8074,10.2952,2017,3041,31,0
570,54.8077,13.438,2013,2869,45,0
571,54.8084,15.3191,2012,2687,69,0.004
572,54.8094,14.9927,2012,2726,55,0
573,54.8112,13.2948,2016,2828,44,0.004
574,54.8113,15.3204,2013,2848,69,0.012
575,54.812,12.9992,2015,2897,25,0
576,54.8129,14.9607,2015,NA,56,0.002
577,54.8135,14.9583,2015,2809,57,0
578,54.8157,13.4158,2013,2778,45,5
579,54.8186,10.2787,2014,NA,31,0
580,54.8201,10.3001,2015,3187,32,0
581,54.8208,16.0325,2012,2654,52,0
582,54.8216,10.2675,2016,2789,29,0
583,54.8233,18.5233,2016,1501,22,0.06
584,54.8243,16.0355,2013,2895,53,0
585,54.8282,13.2762,2014,2793,44,0
586,54.8293,13.2768,2012,2811,44,0
587,54.83,18.63,2017,3227,31,0.3194
588,54.8308,15.4597,2015,2796,74,0
589,54.8317,18.5133,2017,1620,22,0.0032
590,54.8328,12.6352,2012,2874,19,0
591,54.8333,16.0433,2017,3168,51,0.0912
592,54.8333,16.0467,2017,2595,51,0.1688
593,54.8343,15.6063,2015,2821,83,0
594,54.835,18.5067,2016,2683,20,0
595,54.8365,14.7618,2014,2755,39,0.041
596,54.8376,14.7622,2017,2770,41,0.104
597,54.8379,15.6229,2017,2809,78,0
598,54.8383,15.4582,2017,2795,73,0
599,54.8383,15.9317,2017,2385,65,0.3959
600,54.8385,14.7652,2014,2834,40,0
601,54.8397,10.2149,2013,2378,35,0
602,54.8397,14.7683,2017,2769,41,0
603,54.84,15.6233,2016,2800,78,0
604,54.8406,14.7685,2016,2686,36,0
605,54.8417,16.0567,2016,3028,52,0.344
606,54.8422,15.6443,2016,NA,80,0
607,54.8425,15.6442,2017,NA,82,0.098
608,54.8432,14.771,2013,2673,39,0.68
609,54.8444,14.7651,2016,NA,40,0.022
610,54.8448,15.6535,2013,2815,79,0
611,54.846,15.6608,2015,NA,78,0
612,54.8468,15.6566,2012,3584,77,0
613,54.8469,15.7413,2013,2722,77,0
614,54.847,15.2638,2015,2643,69,0
615,54.8497,15.45,2012,2815,72,0
616,54.8499,15.7353,2017,2846,78,0
617,54.855,15.4456,2013,2867,73,0
618,54.855,17.5233,2015,2805,24,9.00E-04
619,54.855,17.5233,2017,2697,24,6.00E-04
620,54.855,17.525,2016,2595,24,0
621,54.855,17.5267,2017,3051,23,0.0562
622,54.855,17.5283,2016,2914,24,0.035
623,54.856,15.7056,2013,2904,77,0
624,54.8563,14.7875,2015,2974,41,0
625,54.8564,13.8933,2016,3144,44,0
626,54.8567,18.5933,2016,3231,31,0.098
627,54.8569,13.8783,2016,2772,45,0
628,54.8573,13.8782,2015,2845,46,0
629,54.8583,18.675,2016,2686,59,0.1485
630,54.8593,15.2705,2013,2837,72,0.044
631,54.8603,15.8509,2017,NA,75,0
632,54.8605,14.7917,2012,2886,41,0
633,54.861,15.2743,2016,2754,69,0.054
634,54.8613,13.8582,2014,2769,44,0
635,54.8617,15.2741,2015,NA,68,0
636,54.8617,16.085,2017,2874,50,0.4407
637,54.8627,14.9905,2014,2704,57,0
638,54.8632,15.2744,2017,2884,73,0
639,54.865,18.675,2016,2911,67,0.0066
640,54.8661,15.2767,2017,NA,72,0
641,54.8665,14.9927,2017,2803,56,0
642,54.8668,13.5662,2016,2636,47,0
643,54.867,15.0245,2016,2811,57,0.56
644,54.8675,13.8103,2013,2813,44,0
645,54.8676,15.0257,2016,3109,56,0
646,54.8676,16.0825,2012,2708,52,0
647,54.8683,18.5767,2016,2448,30,0.002
648,54.8688,15.052,2012,2782,58,0
649,54.87,16.6333,2017,2786,19,4.00E-04
650,54.8736,13.1992,2017,2846,46,0
651,54.8741,14.9653,2017,2842,51,0.002
652,54.8746,15.8612,2012,2985,73,0
653,54.875,13.359,2015,2997,47,0.062
654,54.875,16.66,2016,2942,20,0
655,54.8768,13.2275,2016,2760,45,0
656,54.877,13.2165,2017,2767,45,0
657,54.8777,13.2398,2015,2695,46,0.054
658,54.8777,13.266,2014,2773,45,0
659,54.8777,14.9668,2016,NA,51,0.006
660,54.878,13.2125,2014,2763,45,0
661,54.878,13.2647,2013,2828,46,0
662,54.8783,13.301,2016,2817,46,0
663,54.8783,16.6983,2016,2676,20,0.017
664,54.8785,13.277,2013,2870,45,0
665,54.8792,12.589,2016,2990,19,0
666,54.88,16.69,2015,3106,20,0.038
667,54.88,16.6933,2017,2878,20,0.0146
668,54.8817,12.6123,2015,2839,19,0
669,54.8818,14.9657,2014,2780,50,0
670,54.8823,12.6065,2015,2878,19,0
671,54.8823,12.6068,2014,2750,19,0.022
672,54.8824,12.6105,2016,2816,19,0
673,54.8824,12.6165,2017,3014,19,0.007
674,54.8828,12.614,2013,2847,19,1.034
675,54.8828,13.4092,2013,2876,46,0
676,54.8833,18.9,2016,0,97,0.4591
677,54.8833,18.9033,2016,0,99,0
678,54.8837,13.4038,2015,2795,48,0
679,54.8838,13.409,2014,2791,46,0
680,54.8845,12.6228,2013,2805,19,0
681,54.8847,12.6193,2017,2780,19,0.092
682,54.885,18.6417,2017,2809,48,0.033
683,54.8853,14.0728,2014,2761,42,0
684,54.8856,15.1257,2014,NA,60,0.038
685,54.8858,15.1315,2013,2728,62,0
686,54.8868,15.1363,2013,2708,60,0
687,54.8873,15.2921,2016,NA,72,0
688,54.8877,12.6378,2012,2833,19,0.071
689,54.888,12.6378,2014,2816,19,0
690,54.8883,18.905,2017,2520,98,0.0114
691,54.8885,13.4268,2016,2825,46,0
692,54.8885,13.8373,2012,2857,46,0
693,54.89,13.8377,2017,2750,46,0
694,54.89,18.6817,2017,2517,77,0.1222
695,54.8901,15.1575,2012,2859,60,0.14
696,54.8907,13.4333,2013,2548,46,0
697,54.8922,15.1667,2016,NA,60,0
698,54.8923,14.9655,2012,2533,47,0
699,54.8932,13.4367,2015,2844,47,19.001
700,54.895,18.62,2016,3384,47,0.445
701,54.895,18.625,2016,2809,46,0.404
702,54.8952,12.8527,2017,2781,31,0
703,54.8958,13.4465,2017,2900,47,0
704,54.8963,14.0922,2012,2881,43,0
705,54.8967,18.2233,2017,2785,23,0
706,54.8967,19.0517,2016,0,103,0
707,54.8973,14.0945,2014,2804,43,0
708,54.898,12.8607,2014,2772,32,0
709,54.898,13.5517,2017,2947,47,0
710,54.8992,14.1007,2015,2798,43,0
711,54.9,14.9655,2013,2762,48,0
712,54.9,15.8667,2016,1334,75,0
713,54.9,18.2017,2016,2784,24,0
714,54.9003,14.1002,2015,2888,45,0
715,54.9017,18.2317,2017,3047,23,6.00E-04
716,54.9026,14.1047,2017,2687,42,0.001
717,54.9027,14.1138,2013,2902,43,0
718,54.9033,18.225,2015,2802,24,0
719,54.9038,14.9668,2015,2928,51,0
720,54.905,16.0733,2017,2797,63,0.2094
721,54.9051,13.2825,2016,2973,46,0
722,54.9052,12.9108,2013,2729,34,0
723,54.9057,12.994,2015,3015,43,0.05
724,54.9058,12.9937,2013,2804,41,0
725,54.9073,12.9262,2014,2748,34,0
726,54.9073,13.288,2017,2735,46,0
727,54.9082,12.9982,2016,2758,42,0
728,54.9085,13.3005,2015,2726,46,0
729,54.9091,14.1127,2016,2903,41,0
730,54.9103,14.1147,2013,2846,42,0
731,54.9117,18.605,2016,2477,46,1.067
732,54.9133,18.605,2017,2467,47,0.2576
733,54.9167,16.185,2016,2667,49,0.008
734,54.9191,16.2041,2015,2761,46,0
735,54.92,18.6483,2016,2993,74,0.058
736,54.9233,19.055,2016,0,102,0
737,54.9243,13.6787,2016,2747,48,0.016
738,54.9295,13.6777,2013,2839,48,0
739,54.9297,15.6928,2017,2845,80,0
740,54.9302,15.6904,2016,NA,79,0.006
741,54.9322,10.133,2013,2322,32,0
742,54.9348,16.2373,2013,2834,46,0
743,54.935,16.2183,2016,2728,49,0.302
744,54.935,18.5733,2017,2602,48,0.0305
745,54.9363,15.664,2015,2824,82,0
746,54.9365,16.2399,2015,NA,46,0.012
747,54.9372,15.6585,2013,2867,79,0.188
748,54.9379,13.1425,2017,2863,44,0
749,54.9383,16.2217,2017,2732,50,0.1858
750,54.9401,15.65,2014,NA,79,0.014
751,54.9438,13.6733,2014,2737,47,0.022
752,54.9486,10.1365,2015,2298,33,0
753,54.9487,10.1345,2015,NA,34,0
754,54.951,13.673,2017,2816,48,0
755,54.9528,10.1283,2012,2628,33,0
756,54.9533,17.3917,2017,2467,26,0.1516
757,54.9533,17.405,2015,2697,26,0
758,54.954,13.685,2017,2801,48,0
759,54.955,17.3983,2016,2889,26,0.008
760,54.956,10.1197,2014,NA,32,0
761,54.9567,17.4033,2017,2978,26,0.0796
762,54.9567,17.4133,2016,2908,27,0.062
763,54.9628,13.5768,2014,2721,47,0
764,54.9638,13.5617,2012,2791,48,0
765,54.9639,15.5745,2012,3178,78,0
766,54.9642,15.561,2015,NA,78,0
767,54.9673,12.7095,2015,3097,25,0
768,54.9698,10.1147,2012,2598,33,0
769,54.9703,12.7013,2017,3011,24,0.084
770,54.9717,18.785,2015,2777,95,0.0018
771,54.9783,18.545,2016,2794,71,0.122
772,54.9783,18.7767,2017,2694,95,0
773,54.9793,13.8627,2015,2946,49,0.03
774,54.9793,13.882,2015,2831,48,0
775,54.9874,13.3307,2016,3099,45,0
776,54.991,13.3427,2014,2834,46,0
777,54.9926,13.8743,2017,2839,48,0
778,54.9933,18.4917,2016,2375,61,0.0062
779,54.9938,13.6823,2015,2757,48,0
780,54.9953,14.2455,2014,2717,44,0.013
781,54.9967,17.45,2017,2562,32,0.1492
782,54.9967,18.4717,2016,2602,61,0.117
783,54.9972,14.248,2012,2787,47,0
784,54.9974,13.5507,2017,2688,47,0
785,54.9977,13.5728,2015,2796,47,0
786,54.9978,13.5833,2016,2805,47,0
787,54.9982,14.2512,2014,2795,46,0
788,54.999,14.2518,2017,2950,46,0
789,54.9992,14.252,2013,2955,46,0.06
790,55.0002,13.6715,2015,3030,49,0
791,55.0008,13.5307,2017,2676,47,0
792,55.0009,14.184,2016,2809,47,0
793,55.0013,10.046,2013,2285,32,0
794,55.0017,16.2733,2016,2599,58,0.627
795,55.0021,13.6607,2016,3202,42,0
796,55.0027,13.3908,2015,3225,47,0
797,55.0028,14.257,2015,2959,47,0.402
798,55.0053,13.6633,2014,2836,47,0
799,55.0065,18.7422,2016,2826,93,0.01
800,55.0067,16.2917,2017,2739,56,0.7981
801,55.007,14.2613,2017,2777,45,0
802,55.0088,13.6545,2012,2813,48,0
803,55.0104,13.3043,2017,2762,45,0
804,55.0123,13.3092,2014,2747,44,0.003
805,55.0125,13.3102,2014,2821,45,0
806,55.0131,15.3342,2012,2906,76,0
807,55.0181,16.3192,2013,2759,56,0
808,55.0217,16.3217,2017,2627,57,0.4289
809,55.0221,15.3163,2014,NA,77,0.05
810,55.0229,16.3289,2013,2711,56,0
811,55.0246,16.3316,2012,2887,56,0
812,55.025,16.3283,2016,2746,56,0
813,55.026,13.3417,2016,2793,45,0
814,55.0265,13.3432,2012,2820,46,0
815,55.0266,16.3377,2015,NA,56,0.082
816,55.0272,13.3445,2013,2809,45,0.004
817,55.03,16.185,2017,2671,72,0.0194
818,55.0312,15.6572,2013,2845,81,0
819,55.032,10.9298,2015,1985,8,0
820,55.0324,15.2912,2015,2809,77,8
821,55.034,15.2878,2016,2785,77,0
822,55.0369,15.2376,2013,2806,53,0
823,55.0396,15.6784,2012,2822,80,0
824,55.0398,10.932,2012,1601,9,0
825,55.04,16.3567,2016,2792,57,0.408
826,55.04,16.3617,2017,2679,56,0.3884
827,55.04,18.335,2017,2583,60,0.0119
828,55.0404,15.6775,2012,2161,84,0
829,55.0413,11.1193,2012,2430,13,0
830,55.0422,13.5118,2016,3027,45,0.008
831,55.0427,11.0302,2014,NA,38,0
832,55.0429,13.4588,2017,2750,45,0
833,55.043,10.119,2015,NA,13,0
834,55.0433,18.2867,2017,2685,62,0.0484
835,55.0443,14.2342,2015,2828,48,0
836,55.0445,16.2742,2016,2750,69,0.6
837,55.0449,16.2762,2013,2620,68,0.042
838,55.0459,13.4127,2017,2698,45,0
839,55.0461,16.426,2015,2746,54,0.022
840,55.0478,15.6973,2014,NA,88,0.18
841,55.0483,18.2883,2015,2761,60,0.0113
842,55.0488,13.6313,2015,3129,48,0
843,55.0493,14.2718,2016,2758,47,0
844,55.0493,15.7014,2015,2819,89,0
845,55.0494,13.635,2017,2770,47,0
846,55.0495,15.7021,2017,2811,88,0.07
847,55.0496,14.2655,2016,3149,47,0
848,55.0497,13.6187,2014,2813,46,0
849,55.0497,13.6255,2013,2839,46,0.092
850,55.0498,16.4262,2014,NA,54,0.312
851,55.0499,13.641,2016,2786,45,0
852,55.0502,13.66,2015,2727,47,0
853,55.0502,13.6647,2016,3079,46,0
854,55.0518,13.6825,2013,2748,47,0
855,55.0529,11.034,2014,702,34,0
856,55.0532,11.0879,2014,NA,12,0
857,55.0533,11.0937,2012,1979,13,0
858,55.056,11.0858,2015,2407,13,0.6
859,55.0565,15.1959,2017,NA,54,0
860,55.0565,15.7349,2017,NA,87,0
861,55.0567,11.0311,2013,945,35,0
862,55.0569,15.7349,2013,2719,90,0
863,55.0574,15.1937,2015,NA,53,0.012
864,55.0575,15.7396,2016,NA,87,0
865,55.0582,15.7421,2016,2796,89,0
866,55.0633,15.5496,2016,NA,74,0
867,55.0639,15.5868,2015,2887,73,0
868,55.065,16.3917,2017,2518,58,2.118
869,55.066,13.3035,2013,2855,44,0
870,55.066,13.3485,2016,2902,44,0
871,55.066,13.3637,2017,2814,44,0
872,55.0665,13.3577,2015,2694,44,0
873,55.0665,15.583,2017,2811,74,0
874,55.067,13.3175,2015,2985,45,0.109
875,55.067,13.3778,2013,3343,44,0
876,55.0682,15.3446,2012,2758,74,0
877,55.0697,16.426,2013,2732,52,0.02
878,55.0705,16.4267,2015,NA,53,0.292
879,55.0718,16.427,2013,2756,54,0.096
880,55.0725,13.6872,2012,2859,47,0
881,55.0735,13.6872,2016,3119,46,0
882,55.0738,13.6905,2017,2738,46,0
883,55.0742,10.8087,2012,2428,12,0
884,55.0774,16.1832,2013,2811,77,0
885,55.0774,16.1853,2012,2978,76,0
886,55.0775,10.8102,2013,2379,13,0
887,55.0776,16.1855,2015,2759,78,0.01
888,55.0777,13.0127,2013,2784,22,0
889,55.0784,14.1602,2017,2760,48,0
890,55.0787,13.7312,2016,2685,46,0
891,55.079,13.7352,2014,2758,46,0.128
892,55.079,13.7415,2013,2817,47,0.025
893,55.0793,13.7438,2015,3113,48,0
894,55.0802,13.7503,2015,2986,47,0
895,55.0803,13.0062,2013,2634,21,0
896,55.0812,15.6425,2013,2758,80,0
897,55.0812,15.643,2016,2813,78,0.134
898,55.0817,15.6386,2015,NA,77,0.001
899,55.0823,12.7418,2015,2753,31,0
900,55.0837,9.9857,2015,NA,27,0
901,55.0851,14.3077,2017,2676,46,0
902,55.0859,15.3644,2013,2815,77,0
903,55.0865,14.1493,2012,2680,49,0
904,55.0882,12.8395,2017,2751,31,0
905,55.0896,14.3132,2017,3188,47,0
906,55.09,12.7945,2015,2724,31,0
907,55.09,12.8218,2016,2778,31,0.024
908,55.0901,12.7905,2017,2793,21,0.033
909,55.0903,12.8295,2014,2843,31,0
910,55.0924,13.8208,2017,3056,47,0
911,55.0925,14.5507,2013,2776,43,0
912,55.0933,14.5468,2014,2749,44,0
913,55.0933,14.5472,2013,2771,38,0.036
914,55.0934,15.3734,2017,2795,74,0
915,55.0935,14.1785,2013,2893,47,0
916,55.0938,14.5473,2017,2972,44,0
917,55.0957,9.98,2014,NA,26,0
918,55.0973,15.547,2012,3414,73,0.078
919,55.0976,10.8138,2015,2430,12,0
920,55.098,10.8135,2014,2428,11,0
921,55.0983,10.8182,2015,NA,12,0
922,55.0985,13.8372,2014,2725,46,0.003
923,55.1001,16.4278,2012,2846,54,0
924,55.1006,13.8438,2016,3000,46,0
925,55.1007,16.3817,2014,NA,62,0
926,55.1012,13.8452,2013,2786,46,0.202
927,55.1013,9.9862,2012,2450,27,0
928,55.1013,14.5217,2015,2936,42,0
929,55.1015,15.266,2016,NA,67,0.01
930,55.1019,14.5207,2016,2678,41,0
931,55.1022,9.9855,2012,2544,27,0
932,55.1025,14.516,2014,2819,42,0
933,55.1037,14.5118,2016,2775,42,0
934,55.1062,15.2697,2017,NA,66,0
935,55.1069,16.383,2013,2856,63,0
936,55.1078,14.556,2015,2651,43,0.012
937,55.109,16.3835,2015,NA,62,0.002
938,55.1118,13.8742,2013,3037,46,0
939,55.115,19.0567,2017,1391,94,0.0472
940,55.115,19.1017,2016,0,94,0
941,55.1157,16.3868,2013,2719,62,0
942,55.116,11.3168,2012,2543,24,0
943,55.116,11.3188,2015,NA,28,0
944,55.1191,11.312,2014,2150,30,0
945,55.1206,9.7312,2015,NA,27,0
946,55.1275,15.2871,2012,2824,67,0
947,55.1308,14.2762,2017,2787,47,0
948,55.1313,11.2941,2015,2439,23,0
949,55.1321,11.2944,2013,2300,23,0
950,55.133,11.2901,2014,NA,24,0
951,55.1333,11.2892,2013,2281,18,0
952,55.1333,16.0408,2013,2706,88,0
953,55.1333,18.665,2016,2453,90,0.02
954,55.1333,18.725,2017,2398,93,0.0016
955,55.134,18.7418,2016,2795,94,0
956,55.1342,11.2932,2012,2304,27,0
957,55.1356,16.0789,2012,2850,90,0
958,55.1359,16.0579,2012,2863,87,0
959,55.1374,16.0236,2015,2850,95,0
960,55.1376,16.0302,2017,NA,93,0
961,55.1378,16.0346,2014,NA,87,0
962,55.1381,16.0483,2015,2750,93,0
963,55.1401,13.6732,2017,2806,45,0.128
964,55.145,18.6933,2017,1405,93,0
965,55.1467,16.0173,2013,2748,87,0
966,55.1489,13.8502,2017,2818,46,0.002
967,55.149,16.3862,2012,2761,56,0.072
968,55.149,16.3862,2012,2761,61,0.026
969,55.1498,13.9302,2015,2827,46,0
970,55.1498,13.9648,2015,3135,46,0
971,55.15,14.1215,2016,2773,46,0
972,55.1508,14.1122,2014,2711,45,0
973,55.1509,13.9413,2016,2991,45,0
974,55.1511,14.0942,2016,3038,45,0
975,55.1548,9.8581,2015,NA,21,0
976,55.1574,9.5928,2015,NA,21,0
977,55.1637,14.2737,2015,2945,48,0
978,55.1648,16.149,2017,2845,86,0
979,55.1669,13.3718,2016,2624,42,0
980,55.171,14.2798,2015,2676,47,0
981,55.1713,14.284,2013,2781,46,0
982,55.1745,16.0366,2016,NA,88,0.028
983,55.175,18.7009,2016,2806,90,0
984,55.1755,14.2865,2012,2700,48,0
985,55.1757,14.2855,2014,2792,47,0
986,55.1817,18.9867,2017,1390,89,0.0136
987,55.1833,18.705,2015,2396,91,0
988,55.1833,19.0017,2016,2789,88,0
989,55.184,14.2968,2014,2745,46,0.008
990,55.1841,11.0413,2013,984,33,0
991,55.1883,11.0547,2014,1681,37,0
992,55.1883,18.6933,2017,2665,89,0.0324
993,55.1908,11.0523,2015,1809,34,0
994,55.1932,11.0557,2014,NA,33,0
995,55.1945,13.3742,2015,2780,43,0
996,55.1957,11.0642,2012,2014,34,0
997,55.1963,14.3097,2016,2717,47,0
998,55.1967,13.3732,2013,2855,41,0.005
999,55.1988,14.3162,2013,2787,46,0
1000,55.1994,13.3715,2017,2823,43,0
1001,55.201,13.3793,2016,2971,43,0
1002,55.2017,13.3843,2014,2758,42,0.02
1003,55.2023,13.3855,2016,2698,43,0
1004,55.2025,13.3875,2014,2850,43,0.056
1005,55.2027,13.388,2013,2748,43,0
1006,55.2077,13.1655,2015,2993,41,0.45
1007,55.2078,13.2083,2014,2834,40,0.348
1008,55.208,13.172,2012,2845,40,0
1009,55.208,13.1777,2013,2760,40,0
1010,55.2081,13.174,2016,2747,40,0.012
1011,55.2082,13.1753,2014,2823,39,0.142
1012,55.2082,13.2048,2015,2748,40,0
1013,55.2083,13.178,2013,2707,40,0
1014,55.2087,13.1733,2016,2941,40,0
1015,55.2087,13.4363,2017,2905,44,0
1016,55.2088,13.2127,2017,2853,40,0.062
1017,55.2111,15.9865,2016,2787,90,0.54
1018,55.22,10.8392,2012,2567,19,0
1019,55.2236,10.9822,2013,1408,18,0
1020,55.2248,11.0175,2015,NA,19,0
1021,55.229,10.9583,2014,2346,17,5.7
1022,55.2341,15.9577,2013,2737,91,0
1023,55.2347,15.9585,2013,2769,90,0
1024,55.235,17.3017,2016,2571,90,0.0145
1025,55.2363,17.2825,2016,2793,91,0.254
1026,55.2367,17.26,2017,2761,90,0.0012
1027,55.2368,17.2983,2012,2789,91,0.114
1028,55.2382,11.0056,2013,1494,19,0
1029,55.2383,15.9613,2012,3065,90,0
1030,55.2393,15.9623,2014,NA,90,0
1031,55.2404,17.3188,2012,2767,91,0
1032,55.2406,17.3253,2014,NA,91,0.004
1033,55.2409,17.3244,2013,2639,94,0.008
1034,55.2452,10.844,2015,NA,19,0
1035,55.2473,10.9902,2014,NA,19,0
1036,55.2478,13.7102,2014,2704,41,0
1037,55.2493,13.7097,2012,2920,42,0
1038,55.2506,13.7132,2016,2954,41,0.002
1039,55.2508,13.714,2013,2788,42,0
1040,55.2515,13.7143,2016,2817,41,0.001
1041,55.2532,13.7165,2015,2907,43,0
1042,55.2566,15.9749,2012,2989,89,0.042
1043,55.2579,17.4591,2012,2815,90,0
1044,55.258,17.4583,2014,NA,91,0.006
1045,55.2582,17.4538,2013,2867,93,0
1046,55.2582,17.4756,2012,2761,89,0
1047,55.2587,17.4241,2015,NA,90,0.004
1048,55.2589,17.4277,2016,2796,90,0
1049,55.259,15.977,2017,2813,91,0.002
1050,55.2591,15.977,2015,2754,94,0
1051,55.2594,15.9772,2017,NA,92,0
1052,55.26,17.4083,2017,2748,87,0.0706
1053,55.2612,13.9485,2013,2747,38,9.35
1054,55.2617,17.3983,2016,2670,87,0.03
1055,55.2617,19.0933,2017,1118,82,0
1056,55.265,17.435,2017,2957,89,0.0284
1057,55.2663,13.9138,2014,2663,38,0.034
1058,55.2668,13.7352,2013,2798,41,0
1059,55.2668,16.8779,2013,2700,75,0
1060,55.2678,13.8927,2014,2773,39,0
1061,55.2683,13.8883,2013,2918,40,0.114
1062,55.2684,16.0622,2015,2765,91,0
1063,55.2686,16.0632,2017,NA,90,0
1064,55.2688,14.081,2012,2835,35,0.606
1065,55.2688,16.0658,2014,NA,88,0
1066,55.2691,16.0524,2012,2993,87,0
1067,55.2705,13.7393,2014,2791,41,0
1068,55.2705,14.0447,2013,2749,32,0
1069,55.2707,13.7398,2012,2937,43,0
1070,55.2707,14.0405,2014,2763,32,0
1071,55.2732,10.9923,2014,NA,21,0
1072,55.2732,16.016,2013,2604,89,0
1073,55.2735,16.0162,2013,2680,88,0.156
1074,55.2737,13.7453,2015,3012,42,0.05
1075,55.2738,14.3265,2012,2941,48,0.112
1076,55.2745,13.7478,2017,2921,42,0
1077,55.2767,19.0817,2015,1078,83,0
1078,55.2797,16.9243,2012,2837,75,0
1079,55.2815,16.932,2012,2917,74,0
1080,55.2819,10.9923,2014,1714,21,0
1081,55.2823,10.9904,2013,1395,20,0
1082,55.2833,15.2413,2016,2722,53,0
1083,55.2866,10.9893,2015,3147,22,0
1084,55.2867,16.7833,2016,2813,75,0
1085,55.2905,15.0708,2012,2950,72,0
1086,55.293,15.0709,2017,2846,73,0.104
1087,55.2963,15.0668,2015,2780,75,0.004
1088,55.2967,18.2917,2017,2833,74,0
1089,55.2969,16.2919,2013,2880,72,0.64
1090,55.297,13.8605,2016,3113,37,0.136
1091,55.2998,13.8553,2012,2791,37,0
1092,55.3011,15.0619,2017,NA,78,0
1093,55.3024,16.1554,2012,3313,85,0
1094,55.3037,16.024,2017,NA,89,0
1095,55.3052,15.0581,2013,2735,72,0
1096,55.3082,15.3254,2013,3195,94,0
1097,55.3095,15.3304,2015,2800,91,0.002
1098,55.31,16.8117,2017,2860,72,0.0206
1099,55.3104,16.0396,2012,2967,88,0.006
1100,55.3114,16.1757,2016,2804,84,0.03
1101,55.3115,16.1756,2015,2815,84,0
1102,55.3117,17.3183,2016,2750,76,0.05
1103,55.3122,16.1774,2017,NA,83,0
1104,55.3133,17.2833,2017,1984,74,0
1105,55.3141,15.0479,2016,NA,73,0.016
1106,55.3149,14.9379,2015,NA,72,0.028
1107,55.3149,14.9393,2013,2620,72,0.038
1108,55.3153,14.942,2013,2917,75,0
1109,55.3156,14.9746,2016,2752,74,0.014
1110,55.3163,15.0469,2013,2850,73,0
1111,55.3171,14.9819,2013,3026,73,0
1112,55.3178,16.0463,2017,2861,88,0.052
1113,55.3188,15.3539,2013,3404,94,0
1114,55.3195,17.2725,2012,2745,73,0
1115,55.3196,16.049,2016,2796,90,0.728
1116,55.3197,17.2505,2016,2782,74,0
1117,55.32,17.2436,2015,2787,74,0
1118,55.3202,17.2426,2014,NA,74,0
1119,55.3211,14.9956,2012,2830,71,0
1120,55.3212,15.3509,2013,2454,91,1.9
1121,55.3216,15.357,2014,NA,92,0
1122,55.3217,16.0527,2015,2834,90,0
1123,55.3223,15.3561,2015,2737,92,0.26
1124,55.3233,18.13,2017,1397,78,0
1125,55.3244,17.3792,2016,2826,78,0.0321
1126,55.325,17.3733,2013,2480,81,0.004
1127,55.3257,15.3329,2012,2654,92,0.008
1128,55.326,15.3578,2016,2474,92,0.034
1129,55.3263,15.3575,2017,2809,92,0
1130,55.3283,17.34,2017,1682,75,0
1131,55.3292,15.3591,2017,NA,94,0
1132,55.33,17.3567,2017,2750,74,0.0146
1133,55.3309,15.0426,2012,2811,70,0
1134,55.3341,17.3909,2012,2924,77,0
1135,55.3367,16.92,2017,2533,68,0.123
1136,55.3369,17.4247,2015,2763,79,0
1137,55.3376,17.4254,2012,2730,78,0
1138,55.3381,15.365,2012,2900,90,0
1139,55.3386,16.2958,2012,2915,71,0
1140,55.3459,18.5844,2016,2995,82,0.01
1141,55.3461,16.2969,2013,2898,73,0
1142,55.3463,17.1442,2014,NA,69,0
1143,55.3463,17.1476,2012,2719,68,0
1144,55.3465,17.1065,2015,2730,69,0
1145,55.3472,16.3148,2014,NA,72,0.018
1146,55.3481,18.3838,2016,2806,81,0
1147,55.3483,17.2117,2017,1694,69,0.508
1148,55.3483,17.235,2017,2963,69,0
1149,55.3499,17.4568,2012,2793,79,0.008
1150,55.35,17.445,2017,0,77,0
1151,55.3509,18.1003,2016,2782,81,0
1152,55.3517,16.8967,2016,2537,67,0
1153,55.3555,16.9601,2013,2798,66,0
1154,55.356,15.0824,2017,NA,73,0
1155,55.3593,16.3182,2016,NA,71,0
1156,55.3633,10.8893,2012,2641,20,0
1157,55.3633,17.2,2016,2752,65,0
1158,55.3718,18.1004,2012,2795,81,0
1159,55.3732,15.2614,2013,2776,89,0.004
1160,55.3744,15.263,2015,2767,90,0.08
1161,55.375,18.8283,2017,2858,89,0
1162,55.3753,16.3195,2015,2828,71,0.27
1163,55.3755,9.7438,2015,2215,16,0
1164,55.376,15.2632,2016,3577,89,0.006
1165,55.3767,15.2649,2017,2828,90,0.009
1166,55.377,16.3198,2016,2798,71,0
1167,55.381,14.4612,2017,NA,54,0.101
1168,55.3824,15.2733,2016,1260,89,0
1169,55.3832,17.1683,2012,2863,60,0.502
1170,55.3833,17.8017,2016,1388,76,0
1171,55.3837,18.4334,2014,NA,85,0.006
1172,55.3838,17.1605,2013,13745,72,0.044
1173,55.3843,17.1538,2014,NA,61,0
1174,55.3851,15.2728,2012,2726,91,0.032
1175,55.386,10.8685,2015,NA,19,0
1176,55.3875,17.1214,2013,2719,61,0.082
1177,55.3891,10.8315,2013,2270,23,0
1178,55.3913,15.2897,2017,NA,88,0
1179,55.3917,15.4755,2013,2821,95,0
1180,55.3929,15.2931,2013,3030,92,0
1181,55.3935,10.8455,2014,NA,20,0
1182,55.3948,9.7396,2013,2583,15,0
1183,55.3965,15.2972,2014,NA,90,0
1184,55.3966,18.424,2016,2865,85,0.174
1185,55.3967,17.41,2017,2601,61,0.0012
1186,55.3967,17.5817,2017,1884,73,0
1187,55.3972,15.4648,2012,3004,93,0.001
1188,55.3983,17.5633,2017,1696,69,0
1189,55.3985,15.3032,2012,2802,89,0
1190,55.4006,17.5713,2014,NA,72,0.106
1191,55.4024,16.8981,2016,2832,58,0.652
1192,55.403,16.8961,2015,2787,58,0.106
1193,55.4034,16.8958,2014,NA,58,0.096
1194,55.4035,16.8905,2013,2889,57,0.002
1195,55.4045,17.4238,2012,2859,59,0.23
1196,55.405,17.583,2012,2917,70,0
1197,55.4063,18.9259,2014,NA,92,0.172
1198,55.407,18.9249,2012,2869,92,0
1199,55.4076,10.8685,2014,2370,19,0
1200,55.4083,18.4267,2017,2515,85,0.0482
1201,55.4117,17.795,2017,2999,74,0
1202,55.4133,17.7983,2017,2886,73,0.1692
1203,55.415,16.7867,2017,1678,54,0.081
1204,55.415,18.9483,2015,NA,91,0
1205,55.4183,16.8082,2013,2746,56,1.112
1206,55.4193,16.815,2012,2804,54,0.044
1207,55.4233,16.8133,2017,3031,54,0
1208,55.4233,18.475,2017,2943,85,0
1209,55.4309,15.1743,2013,3197,85,0
1210,55.4318,18.5927,2016,2826,84,0
1211,55.4327,15.9188,2013,2665,87,0
1212,55.4334,15.977,2012,3102,85,0.206
1213,55.4346,15.9651,2013,2967,88,0
1214,55.4353,15.1583,2012,3260,83,0.066
1215,55.4364,18.9229,2016,2782,90,0
1216,55.4365,10.7837,2014,NA,16,0
1217,55.4391,10.7976,2015,2531,16,0
1218,55.4443,10.7865,2015,NA,15,0
1219,55.4452,16.9431,2012,2822,48,0
1220,55.4453,14.7777,2015,28389,78,0
1221,55.4525,14.6776,2013,2713,69,0
1222,55.4533,17.255,2017,2667,45,0.2228
1223,55.4533,18.9367,2016,2861,90,0
1224,55.4547,14.682,2014,2778,68,0.128
1225,55.4552,14.6879,2016,NA,69,0.012
1226,55.4563,14.6981,2017,NA,68,0
1227,55.4565,15.9215,2014,NA,85,0
1228,55.457,10.9049,2013,1842,27,0
1229,55.4571,15.9257,2017,2715,85,0.038
1230,55.4583,14.4837,2016,2797,58,0.034
1231,55.4583,17.3033,2016,2665,42,0
1232,55.4585,14.4765,2017,2815,57,0.235
1233,55.4592,17.2035,2016,2832,41,0
1234,55.4593,17.2143,2015,2765,41,0
1235,55.4597,14.501,2012,2882,60,0
1236,55.4617,18.5737,2012,3095,86,0.002
1237,55.4618,15.0299,2017,NA,77,0
1238,55.4632,17.4666,2013,2928,45,0.352
1239,55.464,14.9901,2015,2263,78,0
1240,55.4646,15.9956,2016,0,83,0.006
1241,55.4647,14.9753,2012,2958,77,0.2
1242,55.4651,14.602,2012,2748,66,0.09
1243,55.4663,14.61,2016,NA,66,0
1244,55.4672,14.6145,2017,2815,67,0.008
1245,55.4673,14.6141,2017,NA,66,0.002
1246,55.4676,15.9519,2015,NA,84,0
1247,55.4678,15.9506,2017,NA,85,0
1248,55.4682,14.6188,2014,NA,67,0.016
1249,55.4685,15.9065,2015,2776,85,0
1250,55.469,15.5571,2016,2802,85,0
1251,55.4724,17.8134,2012,2889,72,0
1252,55.4727,15.5599,2017,NA,84,0
1253,55.4767,15.2177,2016,2793,84,0
1254,55.48,17.7517,2017,2784,72,0
1255,55.4808,14.6025,2014,2778,60,0.016
1256,55.4822,14.6054,2014,NA,61,0.232
1257,55.4833,17.4767,2017,2734,43,0.0048
1258,55.4845,14.7653,2013,2746,67,0
1259,55.4854,17.4455,2013,2826,34,0.002
1260,55.4858,15.5732,2017,2834,83,0.004
1261,55.4866,17.4223,2013,2887,37,0.046
1262,55.487,15.9644,2012,3354,84,0
1263,55.4874,14.7227,2014,NA,68,0.002
1264,55.4875,14.7242,2016,2687,68,0.028
1265,55.4879,17.4612,2012,2761,35,0
1266,55.4888,14.7125,2014,NA,67,0
1267,55.4899,17.466,2015,2708,37,0
1268,55.49,17.515,2017,2837,42,0.1356
1269,55.4916,15.5786,2015,2758,84,0
1270,55.4916,20.6566,2017,NA,60,0.148
1271,55.4917,17.8567,2017,2231,76,0
1272,55.4923,17.4697,2012,2708,36,0.236
1273,55.4932,20.6042,2015,2778,61,0
1274,55.4938,14.6432,2015,2759,60,0
1275,55.4944,15.2674,2013,2783,82,0
1276,55.4948,14.6462,2016,NA,61,0.042
1277,55.4948,14.6472,2017,NA,61,0.015
1278,55.4967,17.8667,2017,1892,75,0
1279,55.4967,18.9967,2017,1309,87,0
1280,55.4975,18.1032,2014,NA,76,0
1281,55.5035,17.9453,2016,2806,68,0.015
1282,55.5112,17.9762,2014,NA,68,0
1283,55.5135,17.9834,2012,2748,69,0
1284,55.5158,18.0439,2012,2722,71,0
1285,55.5206,15.5646,2013,2728,78,0
1286,55.5208,16.1642,2013,3091,78,0
1287,55.5208,18.9958,2016,2815,87,0
1288,55.5223,15.5001,2012,2808,74,0
1289,55.523,18.9934,2012,3428,88,0
1290,55.525,18.2317,2016,2587,82,0
1291,55.5252,15.5307,2013,2811,76,0
1292,55.5259,18.5513,2014,NA,88,0.016
1293,55.5289,14.9002,2016,2817,75,0.174
1294,55.5316,16.3576,2012,2834,72,0
1295,55.5331,15.5493,2015,2759,76,0
1296,55.5331,18.1909,2016,2741,82,0
1297,55.5332,15.5557,2017,NA,76,0
1298,55.5337,15.5847,2012,2889,74,0
1299,55.5371,16.1757,2017,NA,76,0.021
1300,55.5373,17.5412,2015,2765,41,0
1301,55.5385,17.5456,2012,2598,40,0
1302,55.5394,17.5462,2013,2678,39,15
1303,55.5401,10.8568,2014,1314,38,2
1304,55.5403,15.5851,2013,2774,76,0.02
1305,55.5449,15.582,2012,2750,74,0.088
1306,55.5475,17.5795,2012,2700,39,0.004
1307,55.5511,15.5867,2014,NA,72,0
1308,55.5531,16.1804,2013,2730,79,0.018
1309,55.555,17.6167,2017,2714,45,6.7382
1310,55.5578,10.8438,2014,NA,40,0
1311,55.5581,15.586,2016,2808,76,0
1312,55.5585,10.922,2012,2574,31,0
1313,55.5595,16.1824,2017,2895,77,0
1314,55.5599,16.1829,2015,1938,81,0.01
1315,55.5622,16.1816,2016,2695,78,0
1316,55.565,16.1849,2012,2743,76,0
1317,55.5708,16.4131,2015,2804,69,0.002
1318,55.5735,18.3553,2016,2774,92,0
1319,55.5761,15.0098,2013,3482,82,0
1320,55.5762,15.0047,2013,2891,80,0.002
1321,55.5772,15.0513,2012,2758,78,0.334
1322,55.579,10.9076,2013,2239,27,0
1323,55.5795,15.0325,2012,3010,79,0.8
1324,55.5797,10.91,2015,NA,32,0
1325,55.5836,16.1904,2016,2720,79,0
1326,55.5871,16.3874,2017,NA,67,0.014
1327,55.5872,16.3894,2016,2769,68,0
1328,55.5908,16.6643,2016,2698,54,0
1329,55.5964,15.2588,2016,2771,77,0.334
1330,55.5967,18.3833,2017,2671,92,0
1331,55.597,16.6678,2015,2769,54,0.002
1332,55.5975,15.2935,2012,3714,78,0.014
1333,55.5984,16.6689,2014,NA,54,0
1334,55.5985,14.5607,2013,2722,63,0.004
1335,55.6,14.566,2016,2834,66,0
1336,55.6003,14.5657,2017,2759,65,0
1337,55.6008,15.921,2012,3586,77,0
1338,55.6018,16.6719,2017,NA,54,0.008
1339,55.6042,16.6726,2016,NA,54,0.012
1340,55.6092,18.3762,2014,NA,94,0.016
1341,55.6111,15.9003,2017,NA,76,0
1342,55.6117,16.677,2013,2811,54,0
1343,55.6126,16.6788,2013,2796,56,0
1344,55.6128,14.6047,2014,2741,64,0.072
1345,55.613,14.7523,2013,2741,76,0.004
1346,55.6142,16.6792,2017,2791,55,0
1347,55.6152,14.6102,2016,NA,64,0
1348,55.6152,17.5948,2015,2737,40,0
1349,55.6197,16.6837,2012,2717,53,0.092
1350,55.6233,20.7066,2016,NA,48,0.33
1351,55.6255,14.7098,2015,2741,68,0.294
1352,55.6257,14.7554,2017,NA,67,0
1353,55.6269,14.6922,2013,2822,67,0
1354,55.628,15.0393,2017,NA,85,0.008
1355,55.6317,14.6067,2012,2797,58,0.01
1356,55.6324,17.618,2016,2809,39,0
1357,55.6343,10.5468,2014,2253,16,0
1358,55.6368,15.1064,2016,2791,86,0.1
1359,55.6371,15.1075,2017,NA,84,0.046
1360,55.6371,15.1082,2014,NA,86,0.052
1361,55.6372,14.6187,2012,2667,59,0.05
1362,55.6392,17.627,2014,NA,40,0
1363,55.64,10.0353,2012,2509,15,2.5
1364,55.64,18.5833,2017,2742,98,0
1365,55.6405,14.7968,2013,2774,66,0
1366,55.6417,14.739,2014,NA,62,0.074
1367,55.6417,18.97,2017,2832,88,0
1368,55.6433,20.1567,2016,NA,74,0
1369,55.6433,20.2483,2016,NA,72,0
1370,55.6472,14.6838,2012,2834,60,0
1371,55.6483,20.2567,2016,NA,71,0
1372,55.65,18.085,2017,1415,70,0
1373,55.651,14.6495,2015,2759,60,0.026
1374,55.6534,14.8451,2017,NA,67,0.006
1375,55.6546,18.9562,2016,2752,87,0.034
1376,55.6547,14.6568,2015,2741,60,0.004
1377,55.6548,14.657,2013,2852,58,0
1378,55.6553,14.6573,2014,2574,59,0.066
1379,55.6595,14.5275,2016,2834,51,0.034
1380,55.661,14.5218,2013,2759,50,0
1381,55.6632,15.2307,2015,2815,70,0.07
1382,55.664,15.2305,2013,2454,69,0.046
1383,55.6642,15.2792,2016,NA,68,0
1384,55.6646,15.287,2012,2908,69,0.082
1385,55.6646,18.0422,2013,2800,68,0
1386,55.6664,10.2037,2014,2344,18,0
1387,55.6665,10.1982,2013,2383,18,0
1388,55.6671,10.367,2015,2333,22,0.2
1389,55.6708,15.0163,2012,2769,65,0
1390,55.6735,10.2257,2015,NA,19,0
1391,55.6738,16.4977,2013,2633,65,0.188
1392,55.675,20.1333,2016,NA,74,0.092
1393,55.6755,18.0322,2015,2832,65,0.008
1394,55.6766,20.6274,2015,2778,52,0.1
1395,55.6775,15.7958,2012,2695,66,0
1396,55.6786,14.7721,2016,NA,55,0
1397,55.6788,10.6436,2015,1968,34,0
1398,55.6795,16.2024,2015,2735,71,0
1399,55.6798,14.7767,2017,2834,54,0
1400,55.6804,15.7945,2015,2789,66,0.036
1401,55.681,15.7953,2014,NA,66,0.258
1402,55.6817,18.0288,2016,2748,64,0.014
1403,55.6818,10.7678,2012,2574,33,0
1404,55.6821,16.1653,2016,16275,69,0
1405,55.6825,16.1635,2013,2741,69,0
1406,55.6828,16.16,2014,2797,67,0.002
1407,55.6833,16.1465,2012,2852,67,0.026
1408,55.6843,14.503,2013,2759,47,0.01
1409,55.6855,14.4582,2015,2778,49,0.006
1410,55.6872,14.8167,2017,2815,58,0.001
1411,55.6884,14.8242,2016,2787,58,0.042
1412,55.6887,14.4483,2017,2778,43,0.048
1413,55.6888,14.4492,2012,2722,47,0.026
1414,55.689,14.8825,2017,2778,57,0
1415,55.6892,14.8861,2012,2874,56,0.06
1416,55.6896,10.7712,2013,2424,36,0
1417,55.6902,15.1177,2013,2850,65,0
1418,55.6902,15.1274,2012,2854,70,0
1419,55.6921,15.1121,2017,NA,69,0.034
1420,55.6929,15.1209,2016,NA,68,0.002
1421,55.6932,15.1225,2015,2815,67,0.136
1422,55.6943,16.7345,2012,2763,52,3.5
1423,55.6963,10.2807,2012,2585,21,0
1424,55.6965,14.3657,2017,2834,35,0.489
1425,55.6967,10.2493,2013,2089,20,0
1426,55.697,10.4265,2013,2302,23,0
1427,55.6978,14.534,2016,2797,48,0.034
1428,55.6995,14.5372,2015,2759,48,0.086
1429,55.6996,10.4573,2015,NA,22,0
1430,55.7,14.5393,2017,2852,47,0.008
1431,55.7003,14.5398,2014,2741,47,0
1432,55.7005,14.54,2016,2797,47,0.002
1433,55.7008,14.5413,2013,2741,45,0
1434,55.701,14.5415,2014,2908,47,0
1435,55.7013,10.2483,2012,2461,20,0
1436,55.7017,10.4285,2012,2216,24,0
1437,55.7019,10.2336,2014,NA,20,0
1438,55.7021,10.2378,2013,2194,20,0
1439,55.7027,10.4778,2013,1768,20,0
1440,55.705,20.705,2017,NA,45,0.055
1441,55.7051,10.4218,2014,2528,23,0
1442,55.7064,16.183,2016,NA,67,0.082
1443,55.7067,19.9783,2016,NA,76,0.0172
1444,55.7078,14.4103,2016,2759,38,0
1445,55.7082,14.412,2015,2778,38,0
1446,55.7082,14.4133,2012,2741,37,0.02
1447,55.7083,14.4138,2014,2797,38,0
1448,55.7085,14.4118,2017,2815,38,0.032
1449,55.7088,14.4152,2013,2797,38,0
1450,55.7088,14.4165,2015,2778,38,0
1451,55.7088,20.6645,2016,NA,46,0.034
1452,55.7109,16.6889,2013,2839,56,0
1453,55.7117,14.7311,2014,NA,55,0.038
1454,55.7122,10.785,2013,2265,35,0
1455,55.713,14.4155,2017,2797,37,0.045
1456,55.7132,14.4153,2012,2241,34,0.001
1457,55.714,14.4222,2013,2759,36,0
1458,55.7142,14.3502,2017,2834,36,0.056
1459,55.7142,14.4225,2015,2759,37,0
1460,55.7183,19.9666,2016,NA,74,0.012
1461,55.7188,16.2249,2014,NA,67,0.004
1462,55.7192,14.338,2014,2797,34,0.16
1463,55.7192,16.6595,2012,2982,56,0
1464,55.7197,16.6433,2016,2783,56,0.002
1465,55.72,14.337,2014,2611,34,0
1466,55.72,14.3372,2012,2722,33,0.018
1467,55.72,16.2297,2017,2809,67,0
1468,55.7207,14.3363,2017,2741,34,0
1469,55.7249,16.6736,2017,NA,52,0.026
1470,55.725,14.3438,2015,2759,35,0
1471,55.7262,16.722,2012,2789,52,0
1472,55.7277,15.3132,2013,2797,58,0
1473,55.7287,15.3238,2013,2298,60,0.022
1474,55.7289,16.6801,2017,2858,56,0.022
1475,55.7298,15.327,2016,2759,60,0
1476,55.7298,16.0731,2017,NA,70,0.134
1477,55.7299,16.0737,2012,2644,67,0
1478,55.7333,17.9667,2017,1376,63,0.0284
1479,55.7347,15.2693,2013,2719,62,0
1480,55.7347,15.5563,2017,NA,62,0.008
1481,55.7348,16.7176,2015,2754,53,0.008
1482,55.7357,15.5618,2013,2074,62,0
1483,55.7363,17.9698,2012,2626,63,0
1484,55.7364,17.97,2013,2802,63,0
1485,55.7366,17.9713,2014,NA,63,0.018
1486,55.7388,17.975,2012,2774,62,0.01
1487,55.7408,15.5997,2014,2778,61,0.082
1488,55.7415,15.599,2012,2834,62,0.656
1489,55.7417,15.6022,2014,NA,62,0.002
1490,55.7424,15.6057,2012,2819,61,0.002
1491,55.745,16.3332,2014,2778,62,0.026
1492,55.7468,16.3335,2013,2815,62,0
1493,55.7498,15.3813,2012,2698,65,0.044
1494,55.7533,20.2217,2016,NA,61,0
1495,55.7618,16.3416,2012,2878,63,0
1496,55.7633,20.3683,2017,NA,53,0.11
1497,55.7654,16.6626,2014,NA,56,0
1498,55.7657,15.7898,2016,2797,55,0.004
1499,55.766,15.4421,2016,NA,61,0
1500,55.7661,16.6606,2016,NA,55,0.041
1501,55.7677,16.3431,2012,2902,63,0
1502,55.7678,16.3333,2017,2778,63,0.006
1503,55.7693,15.5462,2014,2759,60,0.006
1504,55.7695,15.5485,2014,2778,61,0.006
1505,55.7698,16.3343,2016,2778,66,0.015
1506,55.77,15.3033,2014,2759,55,0.016
1507,55.77,20.425,2017,NA,50,0.627
1508,55.7703,15.2967,2017,2722,56,0
1509,55.7705,10.9197,2014,NA,19,0
1510,55.7705,15.2568,2015,2778,56,0
1511,55.7705,15.2925,2016,2778,56,0.017
1512,55.7705,15.2998,2016,NA,56,0
1513,55.7717,16.7103,2016,2778,49,0.018
1514,55.7743,16.7091,2017,NA,49,0.066
1515,55.7758,16.7079,2017,2830,49,0
1516,55.7775,16.647,2013,2019,55,0
1517,55.778,17.6993,2014,NA,58,0.008
1518,55.7786,17.6994,2012,2789,59,0
1519,55.7812,16.3436,2014,NA,62,0.004
1520,55.7817,20.065,2016,NA,67,0
1521,55.7825,17.6961,2017,2811,58,0
1522,55.7833,10.692,2013,2483,19,0
1523,55.7833,20.1683,2017,NA,50,0.132
1524,55.7835,15.9394,2016,NA,62,0
1525,55.7835,15.9805,2017,2832,63,0.014
1526,55.7848,16.6388,2012,2834,53,0.14
1527,55.7851,16.6379,2017,2791,56,0
1528,55.7861,10.7015,2013,2139,19,0
1529,55.7867,16.6363,2014,2797,55,0.006
1530,55.7877,16.6352,2015,2815,55,0.592
1531,55.7883,10.701,2015,NA,19,0
1532,55.7894,16.6998,2015,2759,50,0
1533,55.79,20.3583,2017,NA,51,0.572
1534,55.791,16.6303,2017,2797,55,0.438
1535,55.7923,12.8423,2015,NA,19,0
1536,55.7947,10.7103,2012,2253,20,0
1537,55.7948,16.4837,2015,2778,56,0
1538,55.7967,10.7268,2012,2153,19,0
1539,55.7971,15.8871,2012,2802,60,0
1540,55.7971,16.2517,2012,2741,61,0.042
1541,55.7972,15.9102,2016,2797,61,0.089
1542,55.7973,15.9138,2013,2797,59,0.012
1543,55.7973,15.919,2015,2797,61,0.134
1544,55.7975,12.7093,2013,1258,18,0
1545,55.7977,15.9108,2013,2704,60,0.14
1546,55.7978,15.9622,2017,2852,60,0.025
1547,55.7979,15.9595,2017,2908,61,0
1548,55.7982,15.9532,2012,2852,60,0.124
1549,55.7988,10.7202,2014,2452,19,0
1550,55.7989,16.4956,2017,2761,57,0
1551,55.7999,18.1507,2013,2893,70,0
1552,55.8008,17.6842,2016,2815,57,0.001
1553,55.801,17.6841,2013,2837,57,0
1554,55.8013,17.6837,2015,2552,58,0.056
1555,55.8022,15.8027,2015,2741,56,0.046
1556,55.8022,15.8038,2013,2834,54,0.084
1557,55.8027,15.8052,2017,2797,56,0.047
1558,55.8036,10.7391,2015,2379,20,0
1559,55.8038,17.6825,2016,2759,58,0.023
1560,55.8042,15.8158,2013,1871,56,0
1561,55.8042,16.5143,2013,2704,56,0
1562,55.8043,16.5167,2013,2852,55,0
1563,55.8045,15.2853,2017,2871,55,0
1564,55.8047,17.682,2014,2759,57,0.044
1565,55.8047,17.6821,2013,2822,60,0.026
1566,55.806,15.2913,2014,2759,54,0.284
1567,55.8073,15.2943,2016,2685,55,0.007
1568,55.8075,15.84,2016,NA,56,0
1569,55.8075,15.8402,2017,2871,56,0.066
1570,55.8082,15.8457,2015,2797,56,0.016
1571,55.8082,17.6788,2017,2593,58,0.002
1572,55.8083,20.2783,2017,NA,54,0.772
1573,55.8088,15.8478,2014,NA,56,0.004
1574,55.8093,16.5355,2017,NA,56,0
1575,55.8145,12.7173,2015,1588,20,0
1576,55.8163,15.3965,2013,2778,51,0.008
1577,55.818,15.2585,2014,2778,51,0.204
1578,55.8182,12.7115,2014,NA,20,0.1
1579,55.819,12.7115,2013,2533,19,1
1580,55.819,12.7138,2012,2322,20,0
1581,55.82,12.7168,2015,NA,20,0
1582,55.821,16.4677,2017,2798,57,0.041
1583,55.8212,15.3177,2012,2556,54,0
1584,55.8213,15.2632,2016,2797,51,0
1585,55.8213,15.3207,2013,2704,55,0
1586,55.8217,12.709,2014,2446,20,0
1587,55.8217,15.3217,2016,2797,55,0.118
1588,55.8222,10.9378,2015,NA,22,0
1589,55.8225,15.323,2014,2815,55,0.004
1590,55.8228,15.3232,2013,2797,54,0
1591,55.8233,15.324,2015,2722,55,0.192
1592,55.8236,12.7115,2012,2543,20,0
1593,55.8243,10.7815,2012,2450,22,0
1594,55.825,20.05,2016,NA,64,0
1595,55.8258,15.3268,2012,2848,55,0.004
1596,55.8258,15.4328,2017,2834,51,0
1597,55.8259,15.4322,2016,NA,51,0
1598,55.8268,15.4363,2012,2741,50,0.002
1599,55.8282,16.4272,2017,2778,57,0.064
1600,55.8282,16.4287,2014,2815,56,0.008
1601,55.8292,15.5172,2013,3334,42,0
1602,55.8315,15.5275,2012,2630,41,0
1603,55.8343,15.9425,2017,2908,57,0.032
1604,55.8345,15.5498,2016,NA,35,0
1605,55.8348,15.2832,2017,2815,52,0
1606,55.835,15.2832,2015,2778,52,0.004
1607,55.8353,15.9457,2014,2797,56,0
1608,55.8355,15.946,2015,2785,57,0.387
1609,55.8375,15.2865,2012,2926,52,0.172
1610,55.8375,16.1855,2013,2852,56,0.146
1611,55.8393,16.166,2013,2111,57,0.026
1612,55.84,15.962,2012,1426,55,0.208
1613,55.8402,16.1515,2012,2741,56,0.06
1614,55.8402,16.1577,2017,2796,57,0
1615,55.8406,16.1542,2015,2709,57,0
1616,55.8418,16.1427,2014,2815,58,0.102
1617,55.8433,15.9745,2013,1908,57,0.002
1618,55.8447,15.5653,2017,2759,41,0.058
1619,55.8452,15.9818,2015,2759,57,0
1620,55.8458,15.9843,2012,2797,55,0.08
1621,55.8468,15.9869,2017,2846,58,0
1622,55.8469,17.6948,2012,2767,60,0
1623,55.8481,15.9911,2014,NA,57,0.214
1624,55.8517,18.7383,2015,NA,110,0
1625,55.8633,20.105,2017,NA,62,0.266
1626,55.8642,16.4819,2014,NA,53,0.152
1627,55.8647,16.4538,2017,1408,53,0.086
1628,55.8648,16.4725,2016,NA,52,0.142
1629,55.865,16.4503,2012,1759,52,0.014
1630,55.8653,16.4473,2013,1871,53,0.22
1631,55.8655,16.4337,2016,2759,53,0.016
1632,55.8657,16.433,2012,2797,51,0.104
1633,55.8657,16.4362,2014,2815,52,0.158
1634,55.866,16.436,2015,2761,53,0.322
1635,55.866,17.6679,2013,2845,62,0.5
1636,55.8662,17.6677,2014,2834,60,0.118
1637,55.8683,18.745,2016,1496,112,0
1638,55.8693,16.0225,2014,2797,54,0
1639,55.8695,16.0228,2016,2797,54,0
1640,55.8701,16.067,2016,NA,54,0
1641,55.8708,16.0655,2015,2778,54,0.004
1642,55.8708,16.0697,2017,2871,55,0.001
1643,55.8731,18.8104,2012,3630,115,0.868
1644,55.8767,18.755,2017,2416,112,0.0062
1645,55.8899,17.7276,2015,2806,63,0.076
1646,55.8912,17.7278,2017,2798,63,0
1647,55.8997,17.0582,2013,2778,47,0.96
1648,55.9067,15.5677,2016,2685,51,1.494
1649,55.9076,11.2496,2012,2363,14,0
1650,55.9077,11.2409,2014,NA,13,0
1651,55.9083,17.0128,2012,2741,46,0.144
1652,55.909,11.2543,2015,NA,14,0
1653,55.9098,15.5672,2012,2852,49,0.784
1654,55.9108,11.2457,2013,2368,14,0
1655,55.9117,17.7411,2017,NA,62,0.152
1656,55.9142,17.7425,2016,2778,62,0.002
1657,55.915,17.7438,2012,2797,60,0.08
1658,55.9177,18.6807,2016,2797,114,0.002
1659,55.9184,18.6356,2013,3106,117,0
1660,55.9187,18.6362,2016,2778,114,5.018
1661,55.919,18.6313,2017,2834,113,0
1662,55.92,18.65,2014,2778,112,0
1663,55.9205,20.6057,2017,NA,34,0.004
1664,55.921,11.2278,2014,2291,13,0
1665,55.9368,15.402,2017,2797,46,0.002
1666,55.9375,15.3627,2016,2797,46,0.282
1667,55.94,15.4022,2014,2778,46,0.02
1668,55.94,20.4066,2016,NA,37,0
1669,55.9415,12.6322,2013,1909,17,0
1670,55.9438,15.3355,2015,2778,46,0.078
1671,55.9455,17.7619,2017,2850,62,0
1672,55.9461,10.4879,2013,2765,22,0
1673,55.95,20.405,2017,NA,38,1.1
1674,55.95,20.425,2017,NA,38,0.96
1675,55.956,12.6918,2015,NA,26,0
1676,55.9575,12.6377,2014,NA,17,0.6
1677,55.9592,17.1425,2012,2759,45,0.08
1678,55.9618,12.645,2015,2016,17,30
1679,55.9634,12.6434,2012,2630,17,0
1680,55.9642,15.4033,2013,2834,46,0.004
1681,55.9647,12.6477,2013,2720,16,0
1682,55.9653,12.6483,2015,NA,18,0
1683,55.9662,12.6461,2012,2163,17,0
1684,55.9677,12.6495,2014,2396,19,0
1685,55.9699,11.0718,2013,2292,19,0
1686,55.9733,11.0493,2015,2257,19,0
1687,55.975,17.5867,2012,2611,57,0.17
1688,55.9772,17.5845,2013,2093,56,0.082
1689,55.981,10.917,2012,2583,19,0
1690,55.982,10.8931,2012,2270,19,0
1691,55.986,10.8751,2013,2387,19,0
1692,55.9936,10.6946,2015,2370,13,0
1693,55.995,20.5866,2016,NA,32,0
1694,56.0082,18.9008,2014,NA,-9,0
1695,56.0106,11.1299,2012,2585,20,0
1696,56.0208,18.9075,2015,2778,121,0.014
1697,56.025,19.435,2016,NA,62,0.03
1698,56.0298,11.3718,2012,2405,19,0
1699,56.0317,10.3802,2012,2593,16,0
1700,56.0323,11.3516,2015,2539,19,0.2
1701,56.0373,18.935,2016,2759,122,0
1702,56.0374,18.9349,2013,2746,126,0.01
1703,56.0379,10.9538,2013,2150,21,0
1704,56.0412,10.9333,2014,3015,20,0
1705,56.0465,10.9303,2015,NA,21,0
1706,56.0543,17.738,2014,2759,64,0.188
1707,56.057,17.7425,2015,2809,65,0.036
1708,56.0593,17.7454,2017,2759,65,0
1709,56.0712,17.3732,2016,2815,41,0.008
1710,56.0723,17.7622,2012,2797,63,0.16
1711,56.0728,17.3768,2014,2797,41,2.032
1712,56.0732,17.3782,2014,2741,41,3.693
1713,56.074,17.3802,2016,NA,41,0.002
1714,56.0743,17.3818,2013,2834,41,0.008
1715,56.0767,17.7698,2013,2759,64,0.09
1716,56.0807,17.7727,2014,2852,64,0.04
1717,56.0821,17.7757,2017,NA,64,0.012
1718,56.083,17.4072,2015,2778,42,0
1719,56.0852,17.4133,2012,2797,41,0.014
1720,56.0865,17.4173,2017,2889,41,0.052
1721,56.0899,17.8417,2016,NA,66,0.468
1722,56.09,20.5466,2015,2778,31,0
1723,56.09,20.5466,2016,NA,32,0
1724,56.0938,17.8277,2012,2487,67,0
1725,56.0963,10.4693,2012,2637,24,0
1726,56.0972,17.6372,2013,2834,55,0.13
1727,56.0978,17.6368,2013,2797,54,0
1728,56.0987,18.0822,2015,2778,56,0.228
1729,56.1021,17.807,2017,2837,66,0
1730,56.1042,17.788,2016,2778,67,1.405
1731,56.1055,18.1162,2012,2759,55,0
1732,56.1055,18.1185,2017,2815,56,0
1733,56.1072,18.127,2016,2797,56,0.034
1734,56.1145,18.0059,2014,NA,57,0.138
1735,56.1212,12.4682,2013,2554,26,0
1736,56.124,17.6533,2014,2834,56,0.209
1737,56.1291,12.4316,2015,2491,26,0
1738,56.1293,12.4298,2014,NA,26,0.1
1739,56.13,19.8883,2016,NA,59,0
1740,56.13,19.895,2015,NA,63,0
1741,56.13,19.9017,2017,NA,64,0
1742,56.1308,12.4317,2014,2485,26,0
1743,56.131,10.9106,2012,2459,19,0
1744,56.1317,19.89,2017,NA,59,0
1745,56.1317,19.905,2016,NA,59,0
1746,56.133,12.4208,2012,2600,27,0
1747,56.1337,17.7296,2012,2800,63,0.19
1748,56.1357,12.439,2015,NA,26,0
1749,56.1379,18.3173,2016,NA,77,0.034
1750,56.138,18.3175,2015,2815,77,0.174
1751,56.14,19.5817,2015,NA,64,0
1752,56.1433,19.59,2017,NA,65,0
1753,56.1442,17.6985,2013,2797,50,0
1754,56.1464,17.718,2016,NA,51,0
1755,56.1467,19.5917,2016,NA,65,0
1756,56.1474,12.4413,2012,2581,25,0
1757,56.1487,17.7392,2013,2741,51,0.01
1758,56.1492,17.7437,2014,2834,52,0
1759,56.1492,17.7463,2017,2815,52,0
1760,56.1497,17.7503,2012,2741,50,0
1761,56.1498,17.7484,2015,2882,53,0.018
1762,56.1525,18.3285,2017,NA,77,2.186
1763,56.1587,18.3333,2014,NA,78,0.04
1764,56.159,11.0468,2014,NA,31,0
1765,56.16,18.3333,2016,2778,77,0
1766,56.1637,18.337,2012,2759,74,0.13
1767,56.18,19.4333,2016,NA,103,0.0034
1768,56.18,19.9183,2016,NA,61,0
1769,56.1817,19.4317,2017,NA,103,0
1770,56.1823,18.3463,2015,2815,69,0.036
1771,56.1833,19.92,2017,NA,61,0
1772,56.1847,18.3515,2013,3150,75,0
1773,56.185,19.445,2016,NA,102,0
1774,56.1862,18.349,2017,1982,69,0.028
1775,56.1935,11.9097,2014,2485,25,0
1776,56.1938,18.3542,2016,2000,69,0.001
1777,56.1948,11.9077,2014,NA,25,0
1778,56.1978,10.9868,2012,2576,21,0
1779,56.1981,11.8955,2013,2053,22,0
1780,56.2027,11.2887,2013,2153,20,0
1781,56.208,11.8985,2015,NA,25,0
1782,56.2083,10.9636,2013,2643,19,0
1783,56.2091,12.2916,2015,2335,24,0.4
1784,56.21,11.955,2012,2359,26,0
1785,56.215,10.8921,2015,2452,20,0
1786,56.2157,12.3185,2013,2328,24,0.2
1787,56.2158,11.585,2012,2489,22,0
1788,56.2161,10.8935,2014,NA,19,0
1789,56.2177,11.066,2012,2405,23,0
1790,56.2181,17.9357,2012,2756,55,0.09
1791,56.219,11.042,2014,2253,24,0
1792,56.2193,11.9743,2013,2268,28,0
1793,56.2207,19.495,2017,NA,102,0.008
1794,56.2283,11.9783,2015,2593,28,0
1795,56.2338,18.4463,2017,1445,71,0
1796,56.2353,11.0523,2013,2539,25,0
1797,56.237,17.8593,2015,2778,46,0
1798,56.238,17.8612,2014,2778,46,0
1799,56.239,18.4545,2016,2797,71,0.05
1800,56.2398,17.8638,2016,2797,45,0.12
1801,56.2402,17.8642,2013,2759,44,0.02
1802,56.243,12.1166,2012,2048,25,0
1803,56.2472,12.3017,2015,NA,25,0
1804,56.2525,17.9148,2016,NA,48,0
1805,56.2543,18.4818,2012,2722,71,0.026
1806,56.2564,19.539,2017,NA,99,0.002
1807,56.2565,17.8863,2013,2815,45,0
1808,56.2583,17.8888,2017,2834,45,0
1809,56.2623,17.8903,2012,2704,43,0.46
1810,56.2667,19.665,2017,NA,73,0
1811,56.27,12.0172,2014,2381,28,0
1812,56.2718,12.0128,2014,NA,27,0
1813,56.2722,12.0085,2015,NA,27,0
1814,56.2788,12.2613,2013,2418,27,0
1815,56.2858,18.5358,2012,2778,83,0
1816,56.295,18.5445,2017,1593,81,0.014
1817,56.3008,18.5497,2015,2759,82,5.2
1818,56.305,18.5583,2014,2778,82,0
1819,56.32,18.6783,2015,2778,113,0
1820,56.3244,18.6839,2017,2667,115,8.578
1821,56.325,19.5583,2015,NA,117,0
1822,56.3255,18.6883,2016,2797,114,0.704
1823,56.3268,18.4598,2014,2815,54,0.34
1824,56.3283,19.5333,2017,NA,122,0
1825,56.33,18.4645,2016,2759,54,0.13
1826,56.33,18.7083,2017,2778,112,0
1827,56.3315,18.4162,2015,2797,42,2.49
1828,56.3333,18.7167,2012,2778,112,0
1829,56.3333,18.7167,2013,2778,112,0
1830,56.3335,18.4198,2012,2722,41,0.91
1831,56.337,11.8467,2013,2437,26,0
1832,56.339,11.8097,2014,NA,26,0
1833,56.3393,11.2347,2014,NA,20,0
1834,56.34,18.4292,2017,2852,42,0.486
1835,56.3401,18.4775,2017,2776,54,0.264
1836,56.3407,18.4778,2016,2759,53,0.138
1837,56.3413,18.4331,2017,2802,43,0.454
1838,56.3414,18.484,2013,2759,57,0.07
1839,56.3417,11.9807,2015,NA,30,0
1840,56.3428,11.9813,2015,2485,30,0.2
1841,56.3432,18.434,2016,2778,42,0.65
1842,56.3469,18.4406,2016,NA,42,0
1843,56.347,18.5538,2015,2778,76,0
1844,56.3472,18.4863,2013,2778,53,0.124
1845,56.3472,18.4867,2012,2778,52,0.1
1846,56.3485,18.4877,2012,2778,51,0.78
1847,56.35,18.5537,2012,2778,75,0
1848,56.3503,18.4465,2015,2797,42,0.022
1849,56.3505,18.4905,2017,2871,53,0.166
1850,56.353,12.3107,2013,2250,30,0
1851,56.3535,12.3363,2012,2252,28,0
1852,56.3661,12.3391,2015,2357,28,0
1853,56.37,19.5317,2017,NA,136,0
1854,56.37,19.675,2015,NA,118,0
1855,56.3715,18.4643,2012,2704,36,0.26
1856,56.3717,19.87,2016,NA,85,0
1857,56.373,18.465,2015,2778,38,0.038
1858,56.375,18.4688,2016,2778,38,0
1859,56.3757,18.4692,2013,2741,37,0.02
1860,56.3767,19.6683,2017,NA,119,0
1861,56.3772,19.8949,2017,NA,84,0.012
1862,56.3815,18.4628,2015,2778,34,0
1863,56.3857,18.4677,2016,2759,34,0.002
1864,56.3898,18.6058,2014,2852,77,0.784
1865,56.3933,18.4895,2017,2889,38,0.029
1866,56.395,20.0983,2017,NA,74,0
1867,56.3968,18.5162,2013,2774,44,0.802
1868,56.3983,20.0983,2016,NA,76,0
1869,56.3983,20.1,2017,NA,76,0
1870,56.405,18.6173,2017,NA,75,0.012
1871,56.411,18.6212,2016,2778,78,0.02
1872,56.4113,18.6213,2015,2797,78,17.106
1873,56.4167,18.6327,2013,4008,79,0
1874,56.4175,11.6578,2013,2485,27,0
1875,56.425,16.7548,2012,2722,59,0
1876,56.4277,16.758,2017,2834,61,0
1877,56.4287,16.7583,2015,2852,61,0.004
1878,56.43,16.7598,2016,2797,61,0.5
1879,56.43,18.6617,2017,2778,82,0
1880,56.4318,11.0592,2015,NA,17,0
1881,56.4326,11.0673,2015,2359,17,6.6
1882,56.435,20.0867,2017,NA,82,0
1883,56.4365,11.056,2014,1169,17,0
1884,56.4369,18.6751,2013,3899,86,0
1885,56.4414,11.6673,2012,2357,28,0
1886,56.446,11.0613,2013,2518,17,0
1887,56.4483,20.065,2017,NA,87,0.0674
1888,56.4488,11.0582,2013,2543,17,0
1889,56.45,16.97,2013,2778,67,0
1890,56.4533,19.8033,2016,NA,113,0
1891,56.4535,16.7797,2013,2871,61,0
1892,56.4547,18.669,2013,2759,74,0.098
1893,56.4578,16.9682,2016,2778,71,0.322
1894,56.4583,16.9667,2015,2778,70,0
1895,56.4583,16.9667,2016,2778,70,0
1896,56.4583,16.9675,2012,2778,70,0
1897,56.4583,19.8133,2017,NA,112,0
1898,56.4588,16.9675,2014,2741,72,0
1899,56.4592,16.9678,2014,2741,70,6.008
1900,56.4602,11.6423,2012,2578,27,0
1901,56.4613,11.047,2012,2296,17,0
1902,56.4687,11.5135,2014,2467,26,0
1903,56.47,20.11,2016,NA,88,0
1904,56.4716,18.6855,2017,NA,76,0
1905,56.4733,18.6883,2012,2778,77,0
1906,56.475,18.6917,2016,2778,74,0
1907,56.48,20.21,2016,NA,80,0
1908,56.4827,18.7004,2013,3671,77,0
1909,56.493,20.2142,2017,NA,81,0.002
1910,56.4937,12.048,2012,2472,29,0
1911,56.4961,20.1687,2017,NA,88,0.788
1912,56.4983,11.1297,2012,2005,17,0
1913,56.5097,11.1648,2013,2391,17,0
1914,56.5188,12.3963,2013,2218,28,0
1915,56.525,11.8531,2015,2168,31,0
1916,56.5288,12.5189,2012,2285,23,0
1917,56.5316,11.1646,2015,2398,17,0.2
1918,56.5327,11.1615,2013,2583,17,0
1919,56.5328,12.5192,2012,2196,24,0
1920,56.5383,11.5428,2013,2359,27,0
1921,56.54,11.1567,2014,NA,17,0.1
1922,56.5408,16.9173,2014,2759,72,0.084
1923,56.5417,16.9167,2017,2778,72,0
1924,56.5425,16.8375,2015,2778,64,0
1925,56.5433,12.5201,2015,2370,23,0.2
1926,56.5433,16.8372,2012,2778,64,0
1927,56.5448,16.8378,2012,2852,61,0
1928,56.5457,12.524,2013,2463,24,0
1929,56.5457,16.838,2014,2797,62,0.54
1930,56.5458,12.5198,2014,NA,17,0
1931,56.5463,16.8382,2014,2741,62,0
1932,56.5477,16.8392,2015,2797,63,0.21
1933,56.5483,12.5228,2013,2500,24,0
1934,56.5493,11.1588,2014,3712,18,0
1935,56.55,16.8407,2016,2778,63,0.004
1936,56.5543,16.8432,2016,1871,62,0.004
1937,56.555,11.4869,2012,2470,26,0
1938,56.5583,16.9167,2015,2778,72,0
1939,56.5583,16.9167,2016,2778,73,0
1940,56.56,16.8463,2017,1519,62,0
1941,56.5643,16.9157,2012,2797,72,0.004
1942,56.5657,16.9147,2017,2834,73,0.001
1943,56.566,16.915,2013,2741,73,0
1944,56.5667,16.9167,2013,2778,70,0
1945,56.5675,16.9155,2014,2722,75,0.014
1946,56.5687,16.8523,2013,2759,63,0.28
1947,56.5717,10.7755,2013,2374,7,0
1948,56.5718,10.7862,2013,2517,5,0
1949,56.5723,10.7873,2012,2507,6,0
1950,56.5767,20.4433,2017,NA,73,0
1951,56.5817,20.4667,2017,NA,73,0
1952,56.5894,11.5428,2012,2441,26,0
1953,56.5913,11.6925,2012,1738,33,0
1954,56.5925,12.2878,2014,2522,37,0
1955,56.5945,11.7858,2015,NA,32,0
1956,56.618,11.1244,2012,2265,15,0
1957,56.6218,11.1186,2015,NA,14,0
1958,56.6267,20.7183,2017,NA,36,0
1959,56.6283,20.7167,2016,NA,39,0
1960,56.63,20.72,2015,NA,40,0
1961,56.6317,20.6483,2016,NA,47,0
1962,56.6367,20.6533,2016,NA,50,0.0092
1963,56.6433,20.74,2016,NA,39,0
1964,56.645,20.7417,2015,NA,41,0
1965,56.645,20.745,2017,NA,42,0
1966,56.6467,20.705,2017,NA,46,0.0034
1967,56.6508,12.3016,2015,2374,38,0
1968,56.6517,20.5867,2016,NA,61,0
1969,56.6517,20.7617,2017,NA,40,0
1970,56.6535,11.6643,2013,2533,30,0
1971,56.6583,20.7517,2017,NA,41,0
1972,56.6617,20.7383,2017,NA,44,0.0022
1973,56.6618,12.5142,2014,2522,20,0
1974,56.6667,20.7433,2017,NA,43,0
1975,56.67,20.745,2015,NA,44,0
1976,56.6718,16.9877,2014,2908,66,0.018
1977,56.6725,12.4154,2012,2337,26,0
1978,56.6733,20.7467,2016,NA,43,0.001
1979,56.6735,12.523,2015,NA,21,0
1980,56.6737,12.045,2012,2480,35,0
1981,56.682,12.274,2014,NA,36,0.1
1982,56.6845,11.8247,2014,2411,38,0
1983,56.6925,16.998,2012,2704,66,0
1984,56.6958,17.0003,2014,2741,67,0.004
1985,56.7017,16.984,2015,2741,66,0.006
1986,56.7017,16.985,2012,2778,66,0
1987,56.7033,16.9847,2016,2815,65,0.02
1988,56.7141,10.5555,2012,2076,8,0
1989,56.7147,10.665,2015,NA,12,0
1990,56.7227,12.378,2013,2448,27,0
1991,56.725,16.9928,2013,2741,66,0.01
1992,56.7297,16.994,2017,2815,66,0.002
1993,56.7386,10.7831,2015,2050,11,0
1994,56.7395,11.924,2014,NA,37,0
1995,56.7402,10.5458,2014,NA,8,9
1996,56.741,10.5402,2014,2552,8,0
1997,56.7448,12.2942,2015,NA,35,0
1998,56.7528,11.098,2015,NA,14,0
1999,56.774,12.0522,2014,NA,38,0
2000,56.7743,10.5125,2013,2600,8,0
2001,56.784,10.7837,2012,2474,11,0
2002,56.796,11.7118,2014,2368,36,0
2003,56.7975,11.1238,2012,2357,12,0
2004,56.8018,11.1175,2013,2522,12,0
2005,56.8061,11.12,2015,2211,13,0
2006,56.817,11.713,2014,NA,35,0
2007,56.8185,12.2747,2012,2209,33,0
2008,56.8218,11.7125,2012,2576,34,0
2009,56.8258,11.7142,2015,NA,36,0
2010,56.8308,11.858,2013,2485,39,0
2011,56.8475,12.2522,2014,2578,33,0
2012,56.8752,12.2448,2013,2520,34,0
2013,56.8813,10.4686,2015,NA,6,0
2014,56.8968,10.6095,2015,NA,10,0
2015,56.8988,10.448,2013,2472,5,0
2016,56.9028,12.2092,2015,NA,35,0
2017,56.9333,11.449,2012,2246,11,0
2018,56.936,17.1742,2014,2852,72,0
2019,56.9389,11.4523,2014,NA,11,0
2020,56.94,20.3917,2017,NA,83,0
2021,56.9412,17.1755,2016,2778,72,0.039
2022,56.9467,17.1797,2012,2741,70,0.006
2023,56.95,11.4593,2014,2485,11,0
2024,56.95,20.3983,2016,NA,85,0.2262
2025,56.951,10.7045,2012,2213,7,0
2026,56.9618,17.1867,2014,2834,73,0.014
2027,56.965,17.1875,2015,2778,72,0
2028,56.965,17.1883,2013,2778,70,0
2029,56.9665,11.8213,2012,2168,43,0
2030,56.9667,10.7088,2013,2496,7,0
2031,56.9671,11.5806,2013,2457,48,0
2032,56.9672,10.4094,2012,2253,7,0
2033,56.9678,10.7048,2014,NA,6,0
2034,56.9691,10.7075,2015,1429,7,0
2035,56.9713,10.7043,2014,2581,7,0
2036,56.9803,11.7151,2015,2329,59,0
2037,56.9803,12.0013,2015,2459,48,0
2038,56.9823,10.4233,2013,1857,6,0
2039,56.9893,10.4308,2014,2437,7,0
2040,56.9935,12.0378,2013,2518,47,0
2041,56.9939,12.0414,2012,2489,47,0
2042,56.9975,17.9508,2015,2797,65,0.006
2043,56.9982,17.9508,2016,2722,65,0.012
2044,57,17.951,2017,2778,66,0
2045,57.0037,18.8058,2012,2797,71,0.028
2046,57.0133,20.7933,2017,NA,72,0.0116
2047,57.0154,11.568,2013,2706,47,0
2048,57.0167,17.9542,2014,2778,63,0
2049,57.0233,17.9572,2017,2834,65,0
2050,57.0233,21.0017,2017,NA,35,6.00E-04
2051,57.0283,18.82,2016,2778,73,0
2052,57.0285,18.821,2015,2834,72,2
2053,57.0318,12.1575,2013,2563,44,0
2054,57.0333,18.825,2017,2778,72,0
2055,57.0333,21.0067,2016,NA,31,0.0558
2056,57.0335,12.159,2013,2441,44,0
2057,57.0358,17.875,2015,2778,84,0
2058,57.0367,21.0117,2017,NA,32,0.0054
2059,57.0383,17.875,2016,2778,84,0
2060,57.0395,11.5547,2012,1622,50,0
2061,57.0407,11.5533,2014,2402,50,0
2062,57.0433,10.7058,2012,2468,11,0
2063,57.0455,17.145,2017,2797,54,0
2064,57.0483,17.9183,2016,2778,76,0
2065,57.0593,11.8263,2014,NA,47,0
2066,57.06,17.869,2017,2778,86,0
2067,57.0617,17.8683,2017,2778,85,0
2068,57.0628,17.8688,2013,2778,85,0.03
2069,57.065,17.8667,2012,2778,86,0
2070,57.065,17.8683,2012,2778,86,0
2071,57.0663,17.8683,2014,2778,82,0
2072,57.0667,17.8683,2013,2778,84,0
2073,57.0667,17.8683,2014,2778,86,0
2074,57.0667,17.8683,2015,2778,84,0
2075,57.0667,17.87,2016,2778,83,0
2076,57.0733,17.91,2017,2778,75,0
2077,57.0742,17.91,2013,2778,75,0
2078,57.0798,18.8958,2012,2667,84,0.16
2079,57.0875,18.905,2014,2778,87,0
2080,57.09,18.9033,2014,2778,85,0
2081,57.1005,17.2843,2014,2741,72,0.023
2082,57.1015,17.2848,2016,2778,73,0
2083,57.1023,17.2853,2016,2759,72,0.01
2084,57.1093,11.4915,2015,NA,30,0
2085,57.1227,17.2903,2015,2797,73,0.55
2086,57.125,17.29,2013,2778,71,0
2087,57.125,17.2908,2015,2778,72,0
2088,57.126,17.2905,2014,2815,72,0.036
2089,57.13,18.9783,2015,2778,85,0
2090,57.1333,20.5833,2016,NA,92,1.8967
2091,57.135,11.837,2015,NA,53,0
2092,57.1418,12.0045,2015,NA,53,0
2093,57.15,20.645,2017,NA,88,0.0024
2094,57.1517,20.735,2017,NA,66,0
2095,57.1536,12.0029,2012,2183,54,0
2096,57.154,18.7997,2017,2797,40,0.014
2097,57.155,18.7998,2017,2797,40,0
2098,57.1588,12.0033,2014,NA,53,0
2099,57.1595,12.0035,2014,2455,54,0
2100,57.1606,12.0035,2015,2557,53,0
2101,57.161,18.8023,2015,2871,41,0.046
2102,57.1623,12.0054,2012,2683,53,0
2103,57.1632,18.803,2014,2722,40,0.03
2104,57.1642,18.8202,2013,2797,46,5.074
2105,57.165,18.821,2014,2797,49,0.002
2106,57.1665,18.8257,2013,2778,49,0.08
2107,57.1668,18.8277,2017,2834,50,0.452
2108,57.1682,18.8327,2012,2371,49,0
2109,57.1688,18.836,2015,2334,50,0.07
2110,57.1767,18.8083,2016,2778,41,0.071
2111,57.1767,20.5883,2016,NA,95,0
2112,57.1772,18.8083,2012,2741,38,0.012
2113,57.1817,11.3543,2014,2367,46,0
2114,57.1833,20.5983,2017,NA,95,0.1446
2115,57.1875,10.6842,2013,2328,16,0
2116,57.188,10.6842,2014,NA,15,0
2117,57.1942,18.826,2016,2741,42,0.001
2118,57.2,19.05,2012,2778,83,0
2119,57.2,20.6717,2017,NA,84,0.0418
2120,57.2021,11.5603,2015,2368,62,0
2121,57.2083,20.6733,2017,NA,85,0.159
2122,57.2083,20.7067,2017,NA,76,6.00E-04
2123,57.21,20.7317,2016,NA,59,0
2124,57.2122,18.8492,2013,2778,42,0
2125,57.2128,18.8507,2017,2815,42,0.016
2126,57.213,11.3323,2015,1188,40,0
2127,57.2133,20.745,2017,NA,60,0
2128,57.2148,11.5661,2012,2404,63,0
2129,57.2163,11.5627,2013,2583,64,0
2130,57.2178,18.8563,2015,2685,43,0.022
2131,57.2182,18.8565,2014,2722,43,0.004
2132,57.2205,10.6926,2015,NA,20,0
2133,57.2205,11.338,2012,1596,43,0
2134,57.2219,11.3503,2012,2304,59,0
2135,57.2233,19.0633,2015,2778,83,0
2136,57.2233,19.0633,2017,2778,82,0
2137,57.2245,10.6853,2013,2643,19,0
2138,57.2247,11.3415,2013,2539,45,0
2139,57.2248,19.064,2015,2815,84,0.191
2140,57.225,19.065,2016,2778,83,0
2141,57.2252,19.0645,2013,2722,83,0.3
2142,57.2255,11.3556,2013,2181,75,0
2143,57.2289,10.692,2012,2166,21,0
2144,57.2297,10.688,2014,1229,20,0
2145,57.23,21.13,2017,NA,46,0
2146,57.23,21.2967,2017,NA,46,0.0032
2147,57.2316,10.686,2015,2161,19,5
2148,57.2375,11.3487,2014,NA,55,0
2149,57.2417,17.3953,2012,2797,75,0.11
2150,57.2543,19.0682,2012,2741,83,0.006
2151,57.26,19.08,2015,2778,82,0
2152,57.2627,19.0813,2013,2834,80,0
2153,57.2667,21.1417,2015,NA,61,0
2154,57.2688,17.4105,2013,2759,75,0.008
2155,57.2725,11.5305,2013,2515,61,0
2156,57.2733,19.0883,2014,2778,82,0
2157,57.2767,19.095,2016,2778,82,0
2158,57.285,19.1017,2014,2778,82,0
2159,57.2873,11.6377,2015,NA,66,0
2160,57.29,21.0067,2017,NA,64,0.0458
2161,57.292,19.0438,2012,2741,67,0.15
2162,57.3015,19.055,2016,2778,68,0.026
2163,57.3017,20.7,2016,NA,72,0
2164,57.3072,19.0592,2015,2815,67,0.012
2165,57.3198,11.3261,2015,2392,41,0
2166,57.321,19.074,2014,2797,67,28.766
2167,57.3213,19.0748,2013,2871,68,0.32
2168,57.3227,19.0762,2017,2797,68,0.068
2169,57.33,21.105,2015,NA,67,0
2170,57.3322,19.0597,2017,2815,64,1.8
2171,57.3324,11.6978,2012,2387,64,0
2172,57.3333,11.3078,2015,NA,38,0
2173,57.3347,11.6402,2013,2474,62,0
2174,57.3348,19.1293,2017,2815,76,0.002
2175,57.339,11.6357,2014,NA,62,0
2176,57.3392,11.3078,2013,2430,41,0
2177,57.3433,11.2892,2014,1381,40,0
2178,57.3433,17.8917,2017,2778,109,0
2179,57.3435,19.1422,2015,2778,78,0.316
2180,57.3472,19.1482,2012,2685,79,0.108
2181,57.348,19.1493,2013,2815,81,2.04
2182,57.3497,17.4207,2017,2815,72,0.004
2183,57.35,17.42,2017,2778,70,0
2184,57.3633,19.1733,2015,2778,85,0
2185,57.3642,17.9067,2012,2778,108,0
2186,57.365,17.9083,2012,2778,108,0
2187,57.365,17.9083,2013,2778,108,0
2188,57.365,20.8933,2017,NA,61,0
2189,57.365,21.255,2017,NA,56,0
2190,57.3682,19.1858,2016,2778,84,0
2191,57.3683,19.1867,2016,2778,83,0
2192,57.3683,20.8917,2016,NA,61,0.002
2193,57.37,19.1808,2017,2778,81,0
2194,57.37,19.1867,2014,2778,83,0
2195,57.3717,21.2617,2017,NA,52,0
2196,57.3733,21.2567,2016,NA,54,0
2197,57.3733,21.2567,2017,NA,55,0.002
2198,57.3755,11.627,2015,2583,53,0
2199,57.3755,16.8972,2017,1482,43,0.412
2200,57.3798,16.8907,2012,2611,42,0
2201,57.3815,16.8892,2013,2704,44,0
2202,57.3833,19.1717,2015,2593,85,0
2203,57.3848,11.6213,2014,2552,53,0
2204,57.3882,16.8892,2012,2630,43,0
2205,57.3943,16.8913,2015,2852,44,0
2206,57.3953,11.3145,2014,NA,45,0
2207,57.408,11.6047,2012,2263,61,0
2208,57.4087,10.7207,2012,895,26,0
2209,57.4183,17.022,2017,2852,55,0.004
2210,57.4183,21.275,2015,NA,58,0.0354
2211,57.4217,21.3383,2017,NA,33,0
2212,57.4217,21.34,2016,NA,33,0.001
2213,57.4302,10.7168,2014,2468,25,0
2214,57.4317,21.3367,2016,NA,34,0
2215,57.4325,10.7207,2012,2455,25,0
2216,57.4367,20.5633,2017,NA,115,0.0098
2217,57.4418,17.0008,2013,2871,55,0.01
2218,57.4433,21.0167,2015,NA,62,4.00E-04
2219,57.4443,16.9985,2012,2759,55,0
2220,57.45,16.992,2012,2759,54,0.001
2221,57.4533,10.7298,2013,2387,27,0.2
2222,57.4583,17.7383,2016,2778,108,0
2223,57.4602,10.7352,2014,NA,28,0
2224,57.4625,17.5467,2012,2778,73,0
2225,57.4683,17.55,2015,2778,74,0
2226,57.4698,10.715,2015,2733,26,0
2227,57.4713,10.8387,2015,NA,35,0
2228,57.4716,11.0425,2012,2326,35,0
2229,57.4723,10.6787,2013,2355,25,0
2230,57.4732,17.5542,2016,2834,72,0.006
2231,57.4742,17.5555,2016,2815,72,0.002
2232,57.4765,11.0515,2013,2411,33,0
2233,57.477,11.0577,2012,2322,35,0
2234,57.4833,17.7267,2015,2778,107,0
2235,57.4833,17.7267,2017,2778,110,0
2236,57.4833,17.7333,2016,2778,108,0
2237,57.4833,21.1433,2016,NA,69,0.1066
2238,57.484,17.7267,2012,2778,109,0
2239,57.484,17.7267,2013,2778,109,0
2240,57.4867,21.1383,2016,NA,70,0
2241,57.49,17.5667,2017,2778,73,0
2242,57.4958,17.572,2015,2741,73,0.271
2243,57.4967,19.249,2017,2408,67,0.105
2244,57.505,21.4217,2017,NA,25,6.00E-04
2245,57.5083,21.435,2016,NA,23,0.026
2246,57.5133,21.4217,2016,NA,26,0
2247,57.514,11.0488,2015,NA,38,0
2248,57.5183,11.3158,2012,2316,44,0
2249,57.5183,21.425,2015,NA,26,0
2250,57.5233,21.11,2016,NA,66,0.062
2251,57.5233,21.1117,2016,NA,67,0.016
2252,57.5237,11.5053,2014,NA,65,0
2253,57.5285,11.5094,2012,2102,67,0
2254,57.5342,11.5082,2013,2392,66,0
2255,57.5377,11.5015,2014,2481,65,0
2256,57.5432,11.5084,2012,2228,67,0
2257,57.5448,10.681,2013,1963,23,0
2258,57.5494,10.6107,2015,NA,16,0
2259,57.5503,11.506,2013,2433,67,0
2260,57.5516,10.6306,2015,2591,22,0
2261,57.562,10.5833,2014,NA,15,0
2262,57.5627,10.6601,2014,2248,20,0
2263,57.57,22.16,2015,NA,90,0.176
2264,57.573,10.7078,2012,2526,24,0
2265,57.5795,10.6578,2013,2513,21,0
2266,57.5991,10.6912,2012,2318,23,0
2267,57.629,19.1222,2013,2908,44,0
2268,57.6325,11.035,2013,2550,31,0
2269,57.6368,19.1245,2017,1963,44,0
2270,57.6517,11.0133,2012,2619,32,0
2271,57.6688,19.0642,2012,2834,36,0
2272,57.6693,19.0642,2015,2797,36,0.004
2273,57.6745,11.0549,2014,2220,34,0
2274,57.6908,11.0216,2015,2548,33,0
2275,57.691,19.0887,2016,2778,36,0
2276,57.6932,19.0912,2012,2797,34,0
2277,57.7022,11.2557,2014,NA,46,0
2278,57.7022,19.1407,2014,2296,41,0
2279,57.7028,19.1418,2013,2741,42,0
2280,57.7033,19.1423,2015,2759,42,0
2281,57.7035,19.1432,2015,2741,42,0
2282,57.7055,19.1463,2017,2797,43,0
2283,57.7118,11.2513,2013,2578,45,0
2284,57.7133,19.3875,2016,2741,74,0.287
2285,57.7187,19.1747,2013,2759,40,0
2286,57.7192,19.1755,2016,2371,42,0
2287,57.7367,18.2967,2014,2778,104,0
2288,57.7383,18.3,2015,2778,104,0
2289,57.761,11.0419,2012,2203,40,0
2290,57.7617,19.4817,2015,2778,83,0
2291,57.7625,19.48,2012,2778,82,0
2292,57.7643,11.0235,2015,2422,40,0
2293,57.7667,18.1667,2016,2778,104,0
2294,57.768,19.4815,2017,2797,79,0
2295,57.7695,11.0287,2013,2433,41,0
2296,57.77,21.39,2016,NA,69,0.021
2297,57.7707,11.0433,2013,2517,40,0
2298,57.7735,11.0343,2014,2220,41,0
2299,57.7743,11.0133,2012,2587,40,0
2300,57.7743,11.043,2014,NA,40,0
2301,57.7747,11.0168,2015,NA,40,0
2302,57.775,18.1667,2014,2778,104,0
2303,57.775,18.1683,2012,2778,101,0
2304,57.7833,21.375,2016,NA,73,0
2305,57.7883,18.1217,2015,2778,104,0
2306,57.79,18.12,2012,2778,104,0
2307,57.7917,18.1167,2015,2778,104,0
2308,57.7917,18.1167,2016,2778,103,0
2309,57.7917,18.1167,2016,2778,106,0
2310,57.7917,18.1167,2017,2778,101,0
2311,57.7917,18.12,2012,2778,104,0
2312,57.7917,18.12,2013,2778,104,0
2313,57.7967,18.1167,2017,2778,103,0
2314,57.7983,21.3517,2016,NA,74,0.096
2315,57.805,21.3817,2017,NA,72,0.0012
2316,57.8077,19.5357,2013,2741,82,0
2317,57.8083,19.5333,2015,2778,81,0
2318,57.8555,19.4707,2012,2852,68,0.002
2319,57.858,19.4753,2013,2852,68,0.317
2320,57.8588,19.4768,2014,2778,69,0.005
2321,57.86,21.29,2015,2778,70,0
2322,57.8765,19.4215,2012,2741,47,0.044
2323,57.877,19.4205,2014,2759,48,0.042
2324,57.8773,19.5058,2015,2759,69,0.004
2325,57.88,21.44,2015,2778,62,0
2326,57.88,21.48,2016,2778,65,0.113
2327,57.889,19.4245,2017,1926,49,0.007
2328,57.8923,19.4258,2012,1908,46,0
2329,57.895,21.52,2017,2778,56,0.0265
2330,57.8967,21.435,2017,NA,59,0
2331,57.8978,19.43,2015,2797,48,0.453
2332,57.8983,19.4303,2016,2797,49,1.168
2333,57.8985,19.431,2013,2797,46,0
2334,57.9017,21.4633,2017,NA,62,0
2335,57.9057,19.4372,2014,2945,48,0.016
2336,57.9062,19.4378,2016,2593,47,0.006
2337,57.91,21.62,2015,2778,44,0
2338,57.92,21.61,2017,2778,50,0
2339,57.93,21.67,2016,2778,42,0
2340,57.94,22.01,2016,2778,50,0.013
2341,57.96,20.94,2015,2778,88,0.0071
2342,57.96,21.28,2017,2778,67,1.05
2343,57.97,21.3,2016,2778,61,0.034
2344,58.0017,21.0083,2017,NA,85,0.0036
2345,58.0037,19.5462,2015,2741,72,0.04
2346,58.005,20.9583,2016,NA,88,0.0964
2347,58.01,21.12,2017,2778,70,0.045
2348,58.025,19.4783,2012,2778,85,0
2349,58.03,20.99,2015,2778,74,0
2350,58.0317,21.0483,2017,NA,74,0.1594
2351,58.0325,19.4742,2014,2778,92,0
2352,58.0348,19.4967,2013,2556,90,0.07
2353,58.035,19.4933,2017,2778,89,0
2354,58.0367,19.505,2015,2778,88,0
2355,58.0367,20.9983,2016,NA,76,0
2356,58.0513,19.4613,2016,2778,91,0
2357,58.0518,19.4462,2013,2815,74,0.014
2358,58.0617,19.445,2012,2778,75,0
2359,58.075,19.4417,2016,2778,73,0
2360,58.076,19.4382,2014,2889,75,0.032
2361,58.0795,19.4365,2015,2797,74,0
2362,58.272,19.189,2012,2759,55,0.026
2363,58.2775,19.1847,2012,2722,52,0.002
2364,58.2907,19.1757,2017,2797,56,0
2365,58.33,21.62,2016,2778,68,0.0285
2366,58.46,21.62,2017,2778,71,0
2367,58.53,22.03,2016,NA,34,0
2368,58.54,22.12,2015,NA,50,0
2369,58.55,21.92,2017,NA,37,0.124
2370,58.57,21.53,2017,NA,70,0.045
2371,58.57,21.9,2016,NA,38,0.093
2372,58.58,21.43,2017,NA,87,0.3685
2373,58.6,21.53,2016,NA,45,0.289
2374,58.6,21.87,2016,NA,46,0.1585
2375,58.62,21.55,2016,NA,75,0.297
2376,58.62,21.88,2017,NA,45,0.0055
2377,58.64,21.92,2015,NA,73,0.0566
2378,58.65,22.07,2017,NA,42,0.0635
2379,59,21.98,2015,NA,41,0.0171
