,HaulLat,HaulLong,Year,Distance,Plastic_Weight
1,54.0872,11.048,2016,3118,0.106
2,54.1002,11.0847,2013,2945,0.022
3,54.101,11.0867,2012,2889,0.024
4,54.1133,11.1508,2015,2823,0
5,54.1289,11.1835,2017,2781,0.244
6,54.1323,11.1912,2015,3030,0
7,54.1655,11.3243,2014,2765,0
8,54.1877,11.8703,2015,2896,0
9,54.1882,11.8615,2015,2690,0
10,54.1918,14.3123,2015,3082,0.001
11,54.1999,11.844,2017,3011,0
12,54.2003,11.8443,2014,2894,0
13,54.2024,14.2988,2017,2907,0
14,54.2074,14.293,2017,2775,0.04
15,54.2095,14.2907,2014,2793,0
16,54.2098,14.2942,2013,2699,0
17,54.21,14.2898,2016,2788,0
18,54.2125,14.2878,2014,2762,0
19,54.2135,14.2855,2015,2810,0.034
20,54.2137,14.2857,2013,2975,0.508
21,54.2144,14.291,2016,3033,0
22,54.2155,11.5465,2013,2813,0
23,54.2184,11.3348,2017,2989,0.016
24,54.2188,11.3355,2016,2887,0.054
25,54.231,11.6062,2015,3058,0.004
26,54.2402,11.4222,2014,2753,0
27,54.244,11.3415,2012,2853,0
28,54.2452,11.7535,2015,2837,0
29,54.2496,11.4528,2017,2769,0
30,54.2543,11.3263,2013,2919,0
31,54.2622,11.4155,2013,2984,0
32,54.274,11.8473,2015,2776,0
33,54.2746,11.416,2016,2774,0
34,54.2799,11.6513,2017,2717,0
35,54.2819,11.4145,2017,2773,0
36,54.2917,11.3078,2014,2717,0
37,54.292,11.5685,2017,2759,0
38,54.2978,11.6982,2017,2765,0
39,54.2997,11.6972,2013,2920,0
40,54.3039,11.9263,2017,2939,0
41,54.3058,11.4515,2014,3040,0
42,54.3073,11.9437,2012,2725,1.39
43,54.3087,11.328,2017,2753,0
44,54.3108,11.9268,2013,3132,0
45,54.3108,11.9283,2014,2722,0
46,54.3118,11.9287,2015,2786,0
47,54.3294,11.934,2016,2784,0
48,54.33,11.3778,2014,2758,0
49,54.335,15.0833,2017,3176,0.0806
50,54.3367,15.0883,2015,2186,0
51,54.355,15.1117,2016,2677,0.066
52,54.3753,11.7703,2015,2853,0
53,54.3753,14.1868,2015,3068,0.003
54,54.3755,11.7698,2012,2857,0
55,54.3757,11.7638,2017,2772,0.002
56,54.3757,11.7667,2013,3093,0
57,54.376,11.764,2014,2754,0
58,54.3798,11.7227,2016,2721,0
59,54.38,15.7267,2016,2930,1.00E-04
60,54.3817,15.7333,2016,2947,0
61,54.3817,15.7583,2017,2730,0.0042
62,54.3833,15.62,2015,2813,0
63,54.3833,15.62,2017,2736,0
64,54.3833,15.6317,2017,2924,0.009
65,54.3833,15.6333,2016,2599,0.02
66,54.3833,15.77,2017,2924,0.0081
67,54.385,15.5733,2016,2930,0.015
68,54.385,15.7617,2015,2844,0
69,54.385,19.2583,2016,2837,0.002
70,54.3862,14.3187,2017,2763,0
71,54.3867,19.2717,2017,3194,0
72,54.3917,19.3067,2015,3281,0
73,54.3922,11.5113,2017,2773,0
74,54.3925,14.1615,2013,2719,0
75,54.3927,14.1548,2016,2824,0
76,54.3935,11.507,2016,2793,0.004
77,54.3967,11.4353,2013,2690,0
78,54.4,19.2733,2016,2946,0
79,54.4017,19.0033,2017,3077,0.0012
80,54.4033,19.055,2016,2907,0.526
81,54.4033,19.0983,2017,3026,0.0226
82,54.4035,12.2177,2013,2801,0
83,54.4039,12.2192,2017,2782,0.048
84,54.404,12.2173,2014,2726,0
85,54.4041,12.2162,2017,2903,0
86,54.4047,12.219,2014,2769,0.401
87,54.405,16.0333,2015,2605,0
88,54.405,19,2015,989,0
89,54.4058,12.2193,2013,3035,0
90,54.4083,16.0317,2017,2026,0
91,54.4083,19.0517,2017,2824,0.0402
92,54.41,19.2883,2016,1531,0
93,54.4117,19.2817,2017,3165,0.1046
94,54.4118,12.3153,2016,2760,0
95,54.4133,11.432,2012,2805,0.006
96,54.415,19.3167,2016,2623,2.406
97,54.4152,12.2293,2012,3566,0
98,54.4175,14.0968,2014,2748,0.864
99,54.4183,15.7083,2016,2619,0.001
100,54.4183,19.0667,2015,2921,0.0687
101,54.4188,12.3252,2013,2809,0
102,54.42,19.0783,2017,3031,0.0634
103,54.42,19.0867,2016,2921,0.047
104,54.4227,10.733,2017,2738,7.95
105,54.4232,10.7308,2015,2811,0.244
106,54.4247,10.7278,2015,2896,0
107,54.4288,10.6975,2012,2622,0
108,54.43,16.01,2016,3063,0.003
109,54.4303,14.0747,2014,2692,0
110,54.4303,14.0787,2016,2386,0
111,54.4333,15.1533,2017,3245,0.356
112,54.4333,15.165,2015,2603,0.1864
113,54.4333,16.0167,2017,2726,1.00E-04
114,54.4333,16.0267,2017,2871,0.0063
115,54.4343,14.1873,2015,2693,0
116,54.4348,14.2547,2013,2752,0
117,54.435,16.0467,2017,3029,0
118,54.4363,12.3422,2015,2892,0.016
119,54.4367,15.18,2016,1352,3
120,54.4367,15.2017,2016,2713,0.03
121,54.4367,15.2117,2017,2520,0.0492
122,54.4367,16.045,2016,2595,0.1
123,54.4367,19.135,2017,3036,0.085
124,54.4375,12.3432,2016,2712,0
125,54.4378,12.345,2017,2942,0
126,54.438,12.3428,2013,2868,0
127,54.4397,10.6733,2017,2749,0
128,54.4399,12.3445,2017,2752,0
129,54.44,19.1267,2017,2492,0.0712
130,54.44,19.13,2016,2810,0.001
131,54.4402,12.3455,2015,2802,0
132,54.4408,10.6665,2013,3062,0.001
133,54.4408,12.3458,2014,2710,0
134,54.4417,15.7183,2015,2886,0
135,54.4438,12.3488,2012,3592,0.006
136,54.445,14.9267,2017,2926,6.00E-04
137,54.4458,10.6478,2013,2688,0
138,54.4458,11.4157,2017,2880,0
139,54.446,11.421,2015,3107,0
140,54.446,11.429,2016,3303,0
141,54.4463,11.4163,2013,2991,0.035
142,54.4467,14.935,2017,1458,0
143,54.4468,10.646,2014,2720,0.068
144,54.4468,14.9458,2013,2701,0
145,54.4468,14.9518,2014,3092,0
146,54.447,14.9413,2015,2998,0
147,54.4475,11.4072,2014,2723,0
148,54.4476,10.6455,2016,2979,0.006
149,54.4477,10.6438,2015,2720,0.126
150,54.4477,10.6465,2016,3242,0.094
151,54.448,10.6412,2014,3016,0
152,54.4483,15.005,2016,2621,0.01
153,54.4485,14.935,2012,2732,0
154,54.449,10.6368,2015,3050,0.002
155,54.451,11.3763,2016,3125,0.013
156,54.4512,10.6247,2012,2563,0
157,54.4514,10.6303,2016,2866,0.014
158,54.4528,10.6252,2015,2954,0.01
159,54.4531,10.6222,2016,2836,0.05
160,54.4538,10.6203,2014,2799,0.248
161,54.4547,10.6142,2015,2939,0
162,54.455,15.5383,2016,2729,3.00E-04
163,54.4553,14.229,2017,3256,0
164,54.4566,10.6022,2017,3065,0.015
165,54.4567,15.5317,2017,1946,0.048
166,54.4567,15.545,2016,2490,1.025
167,54.4567,15.6617,2017,2601,0.4243
168,54.4573,14.7457,2014,2787,0
169,54.4583,19.345,2016,2591,0.743
170,54.46,15.7433,2016,2653,0.002
171,54.462,14.747,2013,2762,0
172,54.4638,11.4245,2013,2248,0
173,54.465,15.7283,2017,2924,0.2878
174,54.4729,10.7112,2016,2950,0
175,54.4808,14.7483,2015,2845,0
176,54.4822,14.7483,2012,2854,0
177,54.4835,14.739,2014,2862,0
178,54.488,14.373,2016,2747,0
179,54.4883,14.7617,2017,2650,0
180,54.4897,10.6988,2014,2725,0
181,54.49,14.76,2017,2614,0
182,54.4902,10.6987,2014,2801,0.024
183,54.4912,10.6983,2013,2700,0
184,54.495,19.2517,2015,2910,0
185,54.497,13.986,2017,2757,0
186,54.4972,13.7798,2014,2757,0
187,54.4973,13.7473,2013,2802,0.086
188,54.4973,13.7515,2013,2757,2.114
189,54.4973,13.7908,2015,2951,6.036
190,54.4974,13.7463,2016,2850,0
191,54.4974,13.7877,2017,2884,0
192,54.4975,13.779,2015,2829,0
193,54.4977,13.7445,2014,2809,0.1
194,54.4983,13.7862,2012,2874,0.18
195,54.4985,13.7863,2016,3087,0
196,54.4997,13.9785,2014,2809,1.679
197,54.5,14.7633,2016,2834,0
198,54.5005,13.9762,2012,2928,0
199,54.5028,14.3807,2014,2711,0
200,54.5032,14.3797,2015,2759,0
201,54.5032,14.38,2014,2794,0.004
202,54.5033,14.3802,2013,2806,0
203,54.5036,14.3778,2017,2897,0
204,54.505,19.2867,2016,1309,0
205,54.5067,19.3267,2015,2803,8.00E-04
206,54.5081,13.9615,2016,2682,0
207,54.5083,18.9483,2017,3018,0.0016
208,54.5083,19.3267,2016,2693,0.031
209,54.509,14.3567,2015,2845,0.046
210,54.5092,14.3547,2013,2680,0
211,54.51,19.295,2017,3058,0.0014
212,54.5117,13.968,2016,2912,0.474
213,54.5123,13.9603,2013,2809,0
214,54.52,18.955,2017,2828,1.2468
215,54.5233,19.3933,2017,2955,0.0408
216,54.5293,14.2745,2015,2575,0.575
217,54.5298,14.2772,2014,2770,0
218,54.5312,14.2392,2017,2865,0.001
219,54.5312,14.2955,2014,2746,0
220,54.5332,14.9412,2014,2785,0
221,54.5333,14.921,2016,2892,0
222,54.5333,15.7483,2017,2705,0.136
223,54.5362,14.2332,2016,2819,0
224,54.5367,15.4883,2017,2607,0.0248
225,54.5372,14.4008,2013,2764,0
226,54.5377,14.2307,2015,2830,0.005
227,54.5386,14.2122,2016,3099,0
228,54.5388,13.9613,2015,3107,0
229,54.5389,10.147,2017,2932,0.454
230,54.54,15.4933,2016,2717,0
231,54.5417,14.8617,2017,2919,0.0954
232,54.5417,15.685,2017,2614,0.0092
233,54.5417,15.9983,2016,2785,0.07
234,54.5417,18.945,2016,2756,0.015
235,54.5419,11.3992,2013,2435,0
236,54.5423,13.8013,2014,2761,0.14
237,54.5433,15.475,2015,3118,0.0429
238,54.5435,13.8002,2015,2639,0.441
239,54.5436,11.3915,2016,2827,0
240,54.5475,11.3764,2014,2326,0
241,54.5483,15.4667,2017,1954,0
242,54.5493,10.7513,2016,2798,0
243,54.5493,11.3649,2014,NA,0
244,54.5493,13.8015,2013,2784,0
245,54.551,11.4072,2012,2476,0
246,54.5513,10.7583,2012,2635,0
247,54.5526,10.1768,2015,2485,0
248,54.5543,10.1755,2015,2721,0
249,54.5544,10.1755,2017,2751,0.001
250,54.555,15.4433,2016,2893,0.007
251,54.555,15.96,2017,2739,0.0074
252,54.5567,10.1802,2016,2815,0.105
253,54.5593,13.8005,2015,2827,0
254,54.5593,13.8013,2014,2708,0
255,54.5598,11.3582,2017,2864,0
256,54.56,14.9867,2016,2748,0.1465
257,54.56,15.965,2017,3169,0.2448
258,54.5633,14.7383,2017,2956,0
259,54.5633,14.9883,2017,2697,0
260,54.5633,15.8067,2017,2403,0.5314
261,54.5647,14.725,2015,2979,0
262,54.565,15.8133,2015,2614,0.0057
263,54.5663,12.4057,2016,2864,0.004
264,54.5667,15.645,2017,2855,0.2296
265,54.5675,14.5178,2015,3227,0
266,54.5675,14.7187,2013,2835,0.06
267,54.5705,14.4523,2015,2802,0
268,54.5705,14.4528,2013,2739,0
269,54.5705,14.4528,2014,2773,0
270,54.573,14.498,2016,2768,0
271,54.5733,14.4952,2017,2807,0
272,54.5743,14.0808,2015,2880,0
273,54.5757,14.6877,2014,2770,0
274,54.5767,19.3667,2016,2910,0.1928
275,54.5768,14.6832,2012,2939,0
276,54.5785,14.4878,2017,2881,0.03
277,54.579,14.6748,2015,2821,0
278,54.5794,14.6845,2016,3136,0
279,54.5795,12.4318,2013,2854,0
280,54.5841,14.6853,2017,2835,0
281,54.586,12.4482,2017,2989,0
282,54.5862,13.7405,2017,2782,0.239
283,54.5868,12.447,2014,2776,0
284,54.5882,12.6018,2017,2812,0
285,54.5887,11.238,2015,3261,0
286,54.589,11.2406,2015,2600,0.3
287,54.589,12.6003,2014,2806,0
288,54.5895,12.4515,2015,2808,0
289,54.5943,11.2357,2012,2557,0
290,54.5986,11.2197,2017,2844,0
291,54.5993,10.6502,2017,2774,0
292,54.6,10.6642,2013,2632,0
293,54.6005,14.614,2013,2762,0.152
294,54.6016,10.6563,2013,2198,0
295,54.6017,19.2067,2017,2830,0.0108
296,54.6033,19.2117,2017,2752,0.0254
297,54.6038,12.6005,2012,2783,0
298,54.604,10.6498,2016,2815,0
299,54.6095,11.2289,2014,2102,0
300,54.61,15.515,2015,2501,0
301,54.6105,11.1243,2016,3126,0.002
302,54.6106,11.1765,2016,2782,0
303,54.6113,14.4085,2014,2754,0
304,54.6158,10.665,2015,NA,0
305,54.62,15.9183,2017,2732,0.1012
306,54.6206,10.649,2017,2917,0
307,54.6233,16.0533,2015,2469,0.0244
308,54.6233,16.055,2016,2688,0.029
309,54.6242,10.6473,2014,2424,0
310,54.6252,12.9297,2016,2673,0
311,54.6252,14.9794,2016,NA,0.034
312,54.6253,12.9327,2013,2816,0
313,54.6267,14.76,2017,2720,0.1104
314,54.6267,16.0617,2017,2574,0.05
315,54.6272,12.6435,2013,2720,0
316,54.6273,14.7705,2015,2761,0
317,54.6282,10.6555,2012,2459,0
318,54.6287,12.9618,2014,2697,0
319,54.6292,12.9677,2015,2813,0
320,54.6298,10.337,2015,2824,0
321,54.631,14.1973,2015,3035,0
322,54.6317,14.1957,2016,2820,0
323,54.6337,14.7677,2014,2826,0
324,54.6338,14.7677,2012,2960,0
325,54.6344,14.766,2016,2946,0
326,54.635,15.9083,2016,2648,0.189
327,54.6358,14.1878,2012,2871,0.214
328,54.6358,14.766,2015,2820,0
329,54.6367,14.7663,2014,2826,0
330,54.6373,12.2093,2015,2771,0
331,54.638,12.21,2014,2757,1.094
332,54.6382,12.6802,2012,2834,0
333,54.6396,10.3554,2013,2220,0
334,54.6398,13.8247,2017,2818,0.048
335,54.6417,16.3717,2016,2882,0.55
336,54.645,16.3767,2016,2698,0
337,54.6452,12.1662,2012,2771,0.052
338,54.6465,14.1637,2014,2812,0
339,54.6467,16.3783,2015,2950,0
340,54.6483,14.1595,2013,2840,0
341,54.6483,19.0233,2015,2785,0
342,54.6488,14.1645,2016,3012,0.022
343,54.6492,14.158,2014,2805,0.242
344,54.6492,14.1588,2017,3175,0
345,54.65,14.1563,2013,2986,0
346,54.6533,16.41,2017,2789,0
347,54.6536,15.0976,2015,2782,0
348,54.6537,15.1294,2013,2774,0
349,54.654,15.1195,2015,NA,0.1
350,54.6542,12.7185,2017,2743,0.034
351,54.6542,15.1044,2016,NA,0.158
352,54.6557,10.3659,2014,NA,0
353,54.6563,14.6762,2014,2784,0
354,54.6567,16.4133,2017,2698,0.0012
355,54.6642,14.6087,2015,2820,0.1
356,54.665,14.8127,2012,2918,0
357,54.6657,12.2202,2013,2690,0.014
358,54.666,12.2227,2015,2986,0
359,54.6663,12.2247,2014,2714,0.002
360,54.6667,15.605,2016,2686,0.001
361,54.6672,12.7417,2014,2741,0
362,54.6683,15.92,2016,2834,0.05
363,54.6683,18.825,2016,2428,0.025
364,54.6687,14.6135,2016,2803,0.006
365,54.6688,14.634,2012,2743,0.004
366,54.6688,15.5882,2016,NA,0.006
367,54.6692,14.6138,2014,2741,0.004
368,54.6708,15.5951,2017,NA,0
369,54.6717,14.6163,2014,2740,0.006
370,54.6722,13.7802,2016,2785,0
371,54.6726,15.1216,2017,2822,3.304
372,54.674,13.781,2013,2774,0
373,54.6743,14.5108,2017,2748,0.218
374,54.6745,14.6183,2015,2842,0
375,54.6766,14.6107,2017,2844,0.124
376,54.6767,15.6217,2015,2690,0.0067
377,54.678,14.6023,2013,2825,0
378,54.6787,14.8397,2016,3004,0
379,54.6789,10.5057,2013,2331,0
380,54.6795,13.7868,2012,2778,0
381,54.68,16.595,2016,2637,0
382,54.6805,10.5298,2012,2530,0
383,54.6816,12.3032,2017,2786,0.003
384,54.6818,14.845,2014,2744,0
385,54.6819,14.61,2016,2961,0
386,54.6822,12.3018,2014,2785,0
387,54.6822,13.0248,2017,3256,0
388,54.6828,12.304,2013,2684,0
389,54.683,13.7863,2017,3041,0
390,54.6832,14.4427,2014,2700,0
391,54.6833,14.82,2017,2747,0.1634
392,54.6833,16.61,2015,2885,0.8882
393,54.6835,13.0097,2012,2796,0.19
394,54.6839,10.4997,2016,2775,0
395,54.684,10.4935,2017,2899,0
396,54.684,12.3047,2014,2757,0.798
397,54.6841,13.0132,2016,2768,0
398,54.6842,13.0085,2014,2713,0
399,54.6847,14.4487,2014,2658,0
400,54.6848,13.0052,2015,2855,0
401,54.6852,14.8523,2015,3096,0
402,54.6854,15.6777,2013,2752,0
403,54.6855,13.0017,2013,2826,0
404,54.6855,13.0033,2016,2928,0
405,54.6855,14.1048,2015,2979,0
406,54.6867,14.8182,2016,NA,0.074
407,54.6867,16.6283,2016,2744,1.2
408,54.6872,12.197,2013,2784,0
409,54.6874,10.736,2014,NA,0
410,54.6877,14.1075,2012,2873,0
411,54.6882,12.2013,2016,3113,0.144
412,54.6883,16.6283,2017,2710,0
413,54.689,12.9837,2013,2882,0
414,54.6896,12.2158,2017,2750,0
415,54.6899,12.9808,2017,2812,0.146
416,54.69,16.64,2017,2273,0.0378
417,54.6902,13.7878,2015,2970,0
418,54.6904,10.3537,2016,2894,0.19
419,54.6907,12.9788,2014,2762,0
420,54.6908,10.7395,2013,2420,0
421,54.6908,12.2098,2016,2684,0
422,54.6917,19.0983,2016,2682,0
423,54.693,14.4713,2013,2866,0.004
424,54.6931,14.6513,2017,2781,0.053
425,54.6945,14.4745,2016,2245,5
426,54.6962,14.1192,2016,2842,0.098
427,54.6973,14.4845,2015,2988,0
428,54.6982,12.2407,2012,2752,0.262
429,54.699,14.1262,2014,2813,0
430,54.6997,14.1275,2016,2760,0
431,54.7013,14.1287,2013,2760,0
432,54.7017,14.1303,2014,2754,1.26
433,54.7024,10.7412,2014,2068,0
434,54.7042,14.125,2013,2924,0
435,54.7043,10.7418,2015,2379,0
436,54.7055,10.7465,2015,NA,0
437,54.7067,18.7717,2015,2427,0
438,54.7091,13.114,2017,2784,0.104
439,54.7099,13.199,2016,2913,0
440,54.7108,13.2015,2014,2752,0
441,54.7117,18.7717,2016,2894,0.034
442,54.72,15.775,2017,2040,0.036
443,54.7255,14.697,2012,2882,0
444,54.7257,13.7235,2015,2869,0
445,54.7281,12.2895,2016,3186,0.844
446,54.7292,12.2903,2015,2963,0.79
447,54.7297,13.7263,2014,2793,0
448,54.73,12.2925,2013,2751,0
449,54.7305,15.0477,2014,2711,0.0115
450,54.7314,14.7187,2016,2860,0.008
451,54.7317,12.2943,2013,2811,0
452,54.7322,13.551,2016,2893,0
453,54.7328,13.726,2016,2641,0
454,54.733,12.296,2014,2748,0.37
455,54.7332,12.297,2015,2787,0
456,54.7332,13.5483,2015,2844,0.009
457,54.7333,18.97,2017,2719,0.0164
458,54.7338,12.302,2017,2903,0
459,54.7343,13.4018,2013,2798,0
460,54.7344,12.299,2016,2728,0
461,54.7349,13.5512,2016,2849,0
462,54.7362,13.5442,2014,2710,0
463,54.7362,13.728,2016,2783,0
464,54.7376,14.744,2017,2817,0
465,54.7377,13.3657,2013,2858,0
466,54.7387,12.3068,2012,2935,0.012
467,54.7455,13.5248,2015,2975,0
468,54.7469,10.1702,2016,2862,0
469,54.7478,13.3092,2013,2626,0
470,54.748,13.8967,2017,2697,0.01
471,54.7498,13.5165,2014,2786,0
472,54.75,16.915,2017,2048,0.0106
473,54.7505,14.9845,2016,NA,0.144
474,54.751,13.733,2015,2846,0.064
475,54.7517,16.9033,2015,2036,0
476,54.7525,13.945,2013,2987,0.003
477,54.753,13.7337,2013,2751,0
478,54.7542,13.7347,2012,2771,0
479,54.7548,13.273,2012,2822,0
480,54.7558,13.2695,2016,2685,0
481,54.7559,13.736,2017,2848,0.012
482,54.7568,13.2603,2014,2817,0.038
483,54.7573,13.4952,2012,2781,0.012
484,54.7577,13.9398,2014,2715,0
485,54.7583,15.0067,2012,2859,0
486,54.76,16.9183,2017,2553,0.185
487,54.7602,13.4878,2012,2865,0
488,54.7609,15.96,2015,NA,0.034
489,54.7617,16.8533,2017,2603,0.0064
490,54.7617,18.7233,2016,2946,0.1318
491,54.7633,18.7233,2017,2710,0.019
492,54.7647,13.4822,2017,2766,0.11
493,54.765,15.9483,2016,2785,0.056
494,54.765,18.7083,2017,3025,0.0167
495,54.7657,13.471,2016,2867,0
496,54.7675,14.8002,2012,2820,0
497,54.7683,15.9533,2017,1876,0.09
498,54.7683,16.86,2016,2877,0
499,54.7686,10.459,2015,2442,0
500,54.7694,10.4564,2014,2329,0
501,54.7717,15.9483,2017,2660,2.6238
502,54.7717,15.9517,2016,2785,1.0383
503,54.7717,16.8617,2017,2965,0.01
504,54.7718,13.934,2012,2854,0
505,54.7733,14.7993,2013,2865,0
506,54.7733,16.8667,2016,2665,0.0051
507,54.7733,17.0067,2015,2979,0
508,54.7735,14.6922,2017,3141,0
509,54.7749,13.9917,2016,2998,0
510,54.7756,15.6486,2016,NA,0
511,54.7757,13.9158,2017,2898,0.007
512,54.7767,15.3483,2016,2636,0.02
513,54.7767,17.0133,2016,2856,0.006
514,54.7767,18.69,2017,3229,0.0676
515,54.7768,14.9872,2015,2851,0
516,54.777,13.9347,2014,2744,0
517,54.7776,13.9273,2016,2753,0
518,54.7783,18.69,2016,3061,0.012
519,54.779,10.4633,2015,NA,0
520,54.78,17.0083,2016,2628,0
521,54.78,18.685,2015,2518,0.0034
522,54.7804,12.363,2017,2776,0.062
523,54.7808,12.3628,2017,2962,0.721
524,54.781,10.4207,2012,2365,0
525,54.7811,15.6934,2015,2891,0
526,54.7812,14.699,2013,2757,0.032
527,54.7815,12.3632,2015,2997,0.5
528,54.7817,14.95,2017,1821,0
529,54.7818,13.966,2013,2646,0
530,54.7828,13.9737,2013,3008,0
531,54.7833,17.0117,2017,2979,0.0708
532,54.7847,12.3607,2013,2873,0.25
533,54.7853,15.74,2017,2782,0
534,54.7854,14.9452,2016,2990,0
535,54.7857,10.168,2014,NA,0
536,54.7857,12.3602,2014,2731,3.568
537,54.7858,12.361,2014,2704,0.221
538,54.7872,14.9753,2014,2729,0
539,54.7875,10.1654,2014,2337,0
540,54.7875,12.3608,2013,2757,0.006
541,54.7881,10.1687,2015,NA,0
542,54.7883,15.645,2016,2811,0
543,54.7921,15.3046,2015,2791,0
544,54.7925,15.6955,2013,2884,0
545,54.7958,10.1715,2013,2096,0
546,54.7973,15.0353,2016,NA,0.002
547,54.7983,18.6667,2016,2684,0.13
548,54.799,15.3107,2017,2835,0
549,54.7993,13.2338,2017,2883,0.12
550,54.7999,13.9842,2016,2812,0
551,54.8004,15.3101,2013,2769,0
552,54.8006,13.4515,2016,3178,0
553,54.8032,13.2498,2016,3170,0
554,54.8032,15.0153,2012,3067,0
555,54.8035,14.9962,2017,NA,0
556,54.8037,12.9853,2013,2792,0
557,54.8042,13.2382,2017,2784,5.2
558,54.8043,10.3148,2012,2418,0
559,54.8045,13.2392,2013,2736,0.18
560,54.805,13.2325,2015,2871,0.023
561,54.8053,13.2307,2014,2780,0
562,54.8053,15.0047,2016,2800,0.366
563,54.8054,15.005,2017,2819,0
564,54.8055,13.2238,2014,2791,0
565,54.8056,13.4485,2017,2954,0.04
566,54.8058,13.4392,2014,2778,0
567,54.8068,13.2077,2013,2821,0.012
568,54.8073,13.4348,2015,3261,0
569,54.8074,10.2952,2017,3041,0
570,54.8077,13.438,2013,2869,0
571,54.8084,15.3191,2012,2687,0.004
572,54.8094,14.9927,2012,2726,0
573,54.8112,13.2948,2016,2828,0.004
574,54.8113,15.3204,2013,2848,0.012
575,54.812,12.9992,2015,2897,0
576,54.8129,14.9607,2015,NA,0.002
577,54.8135,14.9583,2015,2809,0
578,54.8157,13.4158,2013,2778,5
579,54.8186,10.2787,2014,NA,0
580,54.8201,10.3001,2015,3187,0
581,54.8208,16.0325,2012,2654,0
582,54.8216,10.2675,2016,2789,0
583,54.8233,18.5233,2016,1501,0.06
584,54.8243,16.0355,2013,2895,0
585,54.8282,13.2762,2014,2793,0
586,54.8293,13.2768,2012,2811,0
587,54.83,18.63,2017,3227,0.3194
588,54.8308,15.4597,2015,2796,0
589,54.8317,18.5133,2017,1620,0.0032
590,54.8328,12.6352,2012,2874,0
591,54.8333,16.0433,2017,3168,0.0912
592,54.8333,16.0467,2017,2595,0.1688
593,54.8343,15.6063,2015,2821,0
594,54.835,18.5067,2016,2683,0
595,54.8365,14.7618,2014,2755,0.041
596,54.8376,14.7622,2017,2770,0.104
597,54.8379,15.6229,2017,2809,0
598,54.8383,15.4582,2017,2795,0
599,54.8383,15.9317,2017,2385,0.3959
600,54.8385,14.7652,2014,2834,0
601,54.8397,10.2149,2013,2378,0
602,54.8397,14.7683,2017,2769,0
603,54.84,15.6233,2016,2800,0
604,54.8406,14.7685,2016,2686,0
605,54.8417,16.0567,2016,3028,0.344
606,54.8422,15.6443,2016,NA,0
607,54.8425,15.6442,2017,NA,0.098
608,54.8432,14.771,2013,2673,0.68
609,54.8444,14.7651,2016,NA,0.022
610,54.8448,15.6535,2013,2815,0
611,54.846,15.6608,2015,NA,0
612,54.8468,15.6566,2012,3584,0
613,54.8469,15.7413,2013,2722,0
614,54.847,15.2638,2015,2643,0
615,54.8497,15.45,2012,2815,0
616,54.8499,15.7353,2017,2846,0
617,54.855,15.4456,2013,2867,0
618,54.855,17.5233,2015,2805,9.00E-04
619,54.855,17.5233,2017,2697,6.00E-04
620,54.855,17.525,2016,2595,0
621,54.855,17.5267,2017,3051,0.0562
622,54.855,17.5283,2016,2914,0.035
623,54.856,15.7056,2013,2904,0
624,54.8563,14.7875,2015,2974,0
625,54.8564,13.8933,2016,3144,0
626,54.8567,18.5933,2016,3231,0.098
627,54.8569,13.8783,2016,2772,0
628,54.8573,13.8782,2015,2845,0
629,54.8583,18.675,2016,2686,0.1485
630,54.8593,15.2705,2013,2837,0.044
631,54.8603,15.8509,2017,NA,0
632,54.8605,14.7917,2012,2886,0
633,54.861,15.2743,2016,2754,0.054
634,54.8613,13.8582,2014,2769,0
635,54.8617,15.2741,2015,NA,0
636,54.8617,16.085,2017,2874,0.4407
637,54.8627,14.9905,2014,2704,0
638,54.8632,15.2744,2017,2884,0
639,54.865,18.675,2016,2911,0.0066
640,54.8661,15.2767,2017,NA,0
641,54.8665,14.9927,2017,2803,0
642,54.8668,13.5662,2016,2636,0
643,54.867,15.0245,2016,2811,0.56
644,54.8675,13.8103,2013,2813,0
645,54.8676,15.0257,2016,3109,0
646,54.8676,16.0825,2012,2708,0
647,54.8683,18.5767,2016,2448,0.002
648,54.8688,15.052,2012,2782,0
649,54.87,16.6333,2017,2786,4.00E-04
650,54.8736,13.1992,2017,2846,0
651,54.8741,14.9653,2017,2842,0.002
652,54.8746,15.8612,2012,2985,0
653,54.875,13.359,2015,2997,0.062
654,54.875,16.66,2016,2942,0
655,54.8768,13.2275,2016,2760,0
656,54.877,13.2165,2017,2767,0
657,54.8777,13.2398,2015,2695,0.054
658,54.8777,13.266,2014,2773,0
659,54.8777,14.9668,2016,NA,0.006
660,54.878,13.2125,2014,2763,0
661,54.878,13.2647,2013,2828,0
662,54.8783,13.301,2016,2817,0
663,54.8783,16.6983,2016,2676,0.017
664,54.8785,13.277,2013,2870,0
665,54.8792,12.589,2016,2990,0
666,54.88,16.69,2015,3106,0.038
667,54.88,16.6933,2017,2878,0.0146
668,54.8817,12.6123,2015,2839,0
669,54.8818,14.9657,2014,2780,0
670,54.8823,12.6065,2015,2878,0
671,54.8823,12.6068,2014,2750,0.022
672,54.8824,12.6105,2016,2816,0
673,54.8824,12.6165,2017,3014,0.007
674,54.8828,12.614,2013,2847,1.034
675,54.8828,13.4092,2013,2876,0
676,54.8833,18.9,2016,0,0.4591
677,54.8833,18.9033,2016,0,0
678,54.8837,13.4038,2015,2795,0
679,54.8838,13.409,2014,2791,0
680,54.8845,12.6228,2013,2805,0
681,54.8847,12.6193,2017,2780,0.092
682,54.885,18.6417,2017,2809,0.033
683,54.8853,14.0728,2014,2761,0
684,54.8856,15.1257,2014,NA,0.038
685,54.8858,15.1315,2013,2728,0
686,54.8868,15.1363,2013,2708,0
687,54.8873,15.2921,2016,NA,0
688,54.8877,12.6378,2012,2833,0.071
689,54.888,12.6378,2014,2816,0
690,54.8883,18.905,2017,2520,0.0114
691,54.8885,13.4268,2016,2825,0
692,54.8885,13.8373,2012,2857,0
693,54.89,13.8377,2017,2750,0
694,54.89,18.6817,2017,2517,0.1222
695,54.8901,15.1575,2012,2859,0.14
696,54.8907,13.4333,2013,2548,0
697,54.8922,15.1667,2016,NA,0
698,54.8923,14.9655,2012,2533,0
699,54.8932,13.4367,2015,2844,19.001
700,54.895,18.62,2016,3384,0.445
701,54.895,18.625,2016,2809,0.404
702,54.8952,12.8527,2017,2781,0
703,54.8958,13.4465,2017,2900,0
704,54.8963,14.0922,2012,2881,0
705,54.8967,18.2233,2017,2785,0
706,54.8967,19.0517,2016,0,0
707,54.8973,14.0945,2014,2804,0
708,54.898,12.8607,2014,2772,0
709,54.898,13.5517,2017,2947,0
710,54.8992,14.1007,2015,2798,0
711,54.9,14.9655,2013,2762,0
712,54.9,15.8667,2016,1334,0
713,54.9,18.2017,2016,2784,0
714,54.9003,14.1002,2015,2888,0
715,54.9017,18.2317,2017,3047,6.00E-04
716,54.9026,14.1047,2017,2687,0.001
717,54.9027,14.1138,2013,2902,0
718,54.9033,18.225,2015,2802,0
719,54.9038,14.9668,2015,2928,0
720,54.905,16.0733,2017,2797,0.2094
721,54.9051,13.2825,2016,2973,0
722,54.9052,12.9108,2013,2729,0
723,54.9057,12.994,2015,3015,0.05
724,54.9058,12.9937,2013,2804,0
725,54.9073,12.9262,2014,2748,0
726,54.9073,13.288,2017,2735,0
727,54.9082,12.9982,2016,2758,0
728,54.9085,13.3005,2015,2726,0
729,54.9091,14.1127,2016,2903,0
730,54.9103,14.1147,2013,2846,0
731,54.9117,18.605,2016,2477,1.067
732,54.9133,18.605,2017,2467,0.2576
733,54.9167,16.185,2016,2667,0.008
734,54.9191,16.2041,2015,2761,0
735,54.92,18.6483,2016,2993,0.058
736,54.9233,19.055,2016,0,0
737,54.9243,13.6787,2016,2747,0.016
738,54.9295,13.6777,2013,2839,0
739,54.9297,15.6928,2017,2845,0
740,54.9302,15.6904,2016,NA,0.006
741,54.9322,10.133,2013,2322,0
742,54.9348,16.2373,2013,2834,0
743,54.935,16.2183,2016,2728,0.302
744,54.935,18.5733,2017,2602,0.0305
745,54.9363,15.664,2015,2824,0
746,54.9365,16.2399,2015,NA,0.012
747,54.9372,15.6585,2013,2867,0.188
748,54.9379,13.1425,2017,2863,0
749,54.9383,16.2217,2017,2732,0.1858
750,54.9401,15.65,2014,NA,0.014
751,54.9438,13.6733,2014,2737,0.022
752,54.9486,10.1365,2015,2298,0
753,54.9487,10.1345,2015,NA,0
754,54.951,13.673,2017,2816,0
755,54.9528,10.1283,2012,2628,0
756,54.9533,17.3917,2017,2467,0.1516
757,54.9533,17.405,2015,2697,0
758,54.954,13.685,2017,2801,0
759,54.955,17.3983,2016,2889,0.008
760,54.956,10.1197,2014,NA,0
761,54.9567,17.4033,2017,2978,0.0796
762,54.9567,17.4133,2016,2908,0.062
763,54.9628,13.5768,2014,2721,0
764,54.9638,13.5617,2012,2791,0
765,54.9639,15.5745,2012,3178,0
766,54.9642,15.561,2015,NA,0
767,54.9673,12.7095,2015,3097,0
768,54.9698,10.1147,2012,2598,0
769,54.9703,12.7013,2017,3011,0.084
770,54.9717,18.785,2015,2777,0.0018
771,54.9783,18.545,2016,2794,0.122
772,54.9783,18.7767,2017,2694,0
773,54.9793,13.8627,2015,2946,0.03
774,54.9793,13.882,2015,2831,0
775,54.9874,13.3307,2016,3099,0
776,54.991,13.3427,2014,2834,0
777,54.9926,13.8743,2017,2839,0
778,54.9933,18.4917,2016,2375,0.0062
779,54.9938,13.6823,2015,2757,0
780,54.9953,14.2455,2014,2717,0.013
781,54.9967,17.45,2017,2562,0.1492
782,54.9967,18.4717,2016,2602,0.117
783,54.9972,14.248,2012,2787,0
784,54.9974,13.5507,2017,2688,0
785,54.9977,13.5728,2015,2796,0
786,54.9978,13.5833,2016,2805,0
787,54.9982,14.2512,2014,2795,0
788,54.999,14.2518,2017,2950,0
789,54.9992,14.252,2013,2955,0.06
790,55.0002,13.6715,2015,3030,0
791,55.0008,13.5307,2017,2676,0
792,55.0009,14.184,2016,2809,0
793,55.0013,10.046,2013,2285,0
794,55.0017,16.2733,2016,2599,0.627
795,55.0021,13.6607,2016,3202,0
796,55.0027,13.3908,2015,3225,0
797,55.0028,14.257,2015,2959,0.402
798,55.0053,13.6633,2014,2836,0
799,55.0065,18.7422,2016,2826,0.01
800,55.0067,16.2917,2017,2739,0.7981
801,55.007,14.2613,2017,2777,0
802,55.0088,13.6545,2012,2813,0
803,55.0104,13.3043,2017,2762,0
804,55.0123,13.3092,2014,2747,0.003
805,55.0125,13.3102,2014,2821,0
806,55.0131,15.3342,2012,2906,0
807,55.0181,16.3192,2013,2759,0
808,55.0217,16.3217,2017,2627,0.4289
809,55.0221,15.3163,2014,NA,0.05
810,55.0229,16.3289,2013,2711,0
811,55.0246,16.3316,2012,2887,0
812,55.025,16.3283,2016,2746,0
813,55.026,13.3417,2016,2793,0
814,55.0265,13.3432,2012,2820,0
815,55.0266,16.3377,2015,NA,0.082
816,55.0272,13.3445,2013,2809,0.004
817,55.03,16.185,2017,2671,0.0194
818,55.0312,15.6572,2013,2845,0
819,55.032,10.9298,2015,1985,0
820,55.0324,15.2912,2015,2809,8
821,55.034,15.2878,2016,2785,0
822,55.0369,15.2376,2013,2806,0
823,55.0396,15.6784,2012,2822,0
824,55.0398,10.932,2012,1601,0
825,55.04,16.3567,2016,2792,0.408
826,55.04,16.3617,2017,2679,0.3884
827,55.04,18.335,2017,2583,0.0119
828,55.0404,15.6775,2012,2161,0
829,55.0413,11.1193,2012,2430,0
830,55.0422,13.5118,2016,3027,0.008
831,55.0427,11.0302,2014,NA,0
832,55.0429,13.4588,2017,2750,0
833,55.043,10.119,2015,NA,0
834,55.0433,18.2867,2017,2685,0.0484
835,55.0443,14.2342,2015,2828,0
836,55.0445,16.2742,2016,2750,0.6
837,55.0449,16.2762,2013,2620,0.042
838,55.0459,13.4127,2017,2698,0
839,55.0461,16.426,2015,2746,0.022
840,55.0478,15.6973,2014,NA,0.18
841,55.0483,18.2883,2015,2761,0.0113
842,55.0488,13.6313,2015,3129,0
843,55.0493,14.2718,2016,2758,0
844,55.0493,15.7014,2015,2819,0
845,55.0494,13.635,2017,2770,0
846,55.0495,15.7021,2017,2811,0.07
847,55.0496,14.2655,2016,3149,0
848,55.0497,13.6187,2014,2813,0
849,55.0497,13.6255,2013,2839,0.092
850,55.0498,16.4262,2014,NA,0.312
851,55.0499,13.641,2016,2786,0
852,55.0502,13.66,2015,2727,0
853,55.0502,13.6647,2016,3079,0
854,55.0518,13.6825,2013,2748,0
855,55.0529,11.034,2014,702,0
856,55.0532,11.0879,2014,NA,0
857,55.0533,11.0937,2012,1979,0
858,55.056,11.0858,2015,2407,0.6
859,55.0565,15.1959,2017,NA,0
860,55.0565,15.7349,2017,NA,0
861,55.0567,11.0311,2013,945,0
862,55.0569,15.7349,2013,2719,0
863,55.0574,15.1937,2015,NA,0.012
864,55.0575,15.7396,2016,NA,0
865,55.0582,15.7421,2016,2796,0
866,55.0633,15.5496,2016,NA,0
867,55.0639,15.5868,2015,2887,0
868,55.065,16.3917,2017,2518,2.118
869,55.066,13.3035,2013,2855,0
870,55.066,13.3485,2016,2902,0
871,55.066,13.3637,2017,2814,0
872,55.0665,13.3577,2015,2694,0
873,55.0665,15.583,2017,2811,0
874,55.067,13.3175,2015,2985,0.109
875,55.067,13.3778,2013,3343,0
876,55.0682,15.3446,2012,2758,0
877,55.0697,16.426,2013,2732,0.02
878,55.0705,16.4267,2015,NA,0.292
879,55.0718,16.427,2013,2756,0.096
880,55.0725,13.6872,2012,2859,0
881,55.0735,13.6872,2016,3119,0
882,55.0738,13.6905,2017,2738,0
883,55.0742,10.8087,2012,2428,0
884,55.0774,16.1832,2013,2811,0
885,55.0774,16.1853,2012,2978,0
886,55.0775,10.8102,2013,2379,0
887,55.0776,16.1855,2015,2759,0.01
888,55.0777,13.0127,2013,2784,0
889,55.0784,14.1602,2017,2760,0
890,55.0787,13.7312,2016,2685,0
891,55.079,13.7352,2014,2758,0.128
892,55.079,13.7415,2013,2817,0.025
893,55.0793,13.7438,2015,3113,0
894,55.0802,13.7503,2015,2986,0
895,55.0803,13.0062,2013,2634,0
896,55.0812,15.6425,2013,2758,0
897,55.0812,15.643,2016,2813,0.134
898,55.0817,15.6386,2015,NA,0.001
899,55.0823,12.7418,2015,2753,0
900,55.0837,9.9857,2015,NA,0
901,55.0851,14.3077,2017,2676,0
902,55.0859,15.3644,2013,2815,0
903,55.0865,14.1493,2012,2680,0
904,55.0882,12.8395,2017,2751,0
905,55.0896,14.3132,2017,3188,0
906,55.09,12.7945,2015,2724,0
907,55.09,12.8218,2016,2778,0.024
908,55.0901,12.7905,2017,2793,0.033
909,55.0903,12.8295,2014,2843,0
910,55.0924,13.8208,2017,3056,0
911,55.0925,14.5507,2013,2776,0
912,55.0933,14.5468,2014,2749,0
913,55.0933,14.5472,2013,2771,0.036
914,55.0934,15.3734,2017,2795,0
915,55.0935,14.1785,2013,2893,0
916,55.0938,14.5473,2017,2972,0
917,55.0957,9.98,2014,NA,0
918,55.0973,15.547,2012,3414,0.078
919,55.0976,10.8138,2015,2430,0
920,55.098,10.8135,2014,2428,0
921,55.0983,10.8182,2015,NA,0
922,55.0985,13.8372,2014,2725,0.003
923,55.1001,16.4278,2012,2846,0
924,55.1006,13.8438,2016,3000,0
925,55.1007,16.3817,2014,NA,0
926,55.1012,13.8452,2013,2786,0.202
927,55.1013,9.9862,2012,2450,0
928,55.1013,14.5217,2015,2936,0
929,55.1015,15.266,2016,NA,0.01
930,55.1019,14.5207,2016,2678,0
931,55.1022,9.9855,2012,2544,0
932,55.1025,14.516,2014,2819,0
933,55.1037,14.5118,2016,2775,0
934,55.1062,15.2697,2017,NA,0
935,55.1069,16.383,2013,2856,0
936,55.1078,14.556,2015,2651,0.012
937,55.109,16.3835,2015,NA,0.002
938,55.1118,13.8742,2013,3037,0
939,55.115,19.0567,2017,1391,0.0472
940,55.115,19.1017,2016,0,0
941,55.1157,16.3868,2013,2719,0
942,55.116,11.3168,2012,2543,0
943,55.116,11.3188,2015,NA,0
944,55.1191,11.312,2014,2150,0
945,55.1206,9.7312,2015,NA,0
946,55.1275,15.2871,2012,2824,0
947,55.1308,14.2762,2017,2787,0
948,55.1313,11.2941,2015,2439,0
949,55.1321,11.2944,2013,2300,0
950,55.133,11.2901,2014,NA,0
951,55.1333,11.2892,2013,2281,0
952,55.1333,16.0408,2013,2706,0
953,55.1333,18.665,2016,2453,0.02
954,55.1333,18.725,2017,2398,0.0016
955,55.134,18.7418,2016,2795,0
956,55.1342,11.2932,2012,2304,0
957,55.1356,16.0789,2012,2850,0
958,55.1359,16.0579,2012,2863,0
959,55.1374,16.0236,2015,2850,0
960,55.1376,16.0302,2017,NA,0
961,55.1378,16.0346,2014,NA,0
962,55.1381,16.0483,2015,2750,0
963,55.1401,13.6732,2017,2806,0.128
964,55.145,18.6933,2017,1405,0
965,55.1467,16.0173,2013,2748,0
966,55.1489,13.8502,2017,2818,0.002
967,55.149,16.3862,2012,2761,0.098
968,55.1498,13.9302,2015,2827,0
969,55.1498,13.9648,2015,3135,0
970,55.15,14.1215,2016,2773,0
971,55.1508,14.1122,2014,2711,0
972,55.1509,13.9413,2016,2991,0
973,55.1511,14.0942,2016,3038,0
974,55.1548,9.8581,2015,NA,0
975,55.1574,9.5928,2015,NA,0
976,55.1637,14.2737,2015,2945,0
977,55.1648,16.149,2017,2845,0
978,55.1669,13.3718,2016,2624,0
979,55.171,14.2798,2015,2676,0
980,55.1713,14.284,2013,2781,0
981,55.1745,16.0366,2016,NA,0.028
982,55.175,18.7009,2016,2806,0
983,55.1755,14.2865,2012,2700,0
984,55.1757,14.2855,2014,2792,0
985,55.1817,18.9867,2017,1390,0.0136
986,55.1833,18.705,2015,2396,0
987,55.1833,19.0017,2016,2789,0
988,55.184,14.2968,2014,2745,0.008
989,55.1841,11.0413,2013,984,0
990,55.1883,11.0547,2014,1681,0
991,55.1883,18.6933,2017,2665,0.0324
992,55.1908,11.0523,2015,1809,0
993,55.1932,11.0557,2014,NA,0
994,55.1945,13.3742,2015,2780,0
995,55.1957,11.0642,2012,2014,0
996,55.1963,14.3097,2016,2717,0
997,55.1967,13.3732,2013,2855,0.005
998,55.1988,14.3162,2013,2787,0
999,55.1994,13.3715,2017,2823,0
1000,55.201,13.3793,2016,2971,0
1001,55.2017,13.3843,2014,2758,0.02
1002,55.2023,13.3855,2016,2698,0
1003,55.2025,13.3875,2014,2850,0.056
1004,55.2027,13.388,2013,2748,0
1005,55.2077,13.1655,2015,2993,0.45
1006,55.2078,13.2083,2014,2834,0.348
1007,55.208,13.172,2012,2845,0
1008,55.208,13.1777,2013,2760,0
1009,55.2081,13.174,2016,2747,0.012
1010,55.2082,13.1753,2014,2823,0.142
1011,55.2082,13.2048,2015,2748,0
1012,55.2083,13.178,2013,2707,0
1013,55.2087,13.1733,2016,2941,0
1014,55.2087,13.4363,2017,2905,0
1015,55.2088,13.2127,2017,2853,0.062
1016,55.2111,15.9865,2016,2787,0.54
1017,55.22,10.8392,2012,2567,0
1018,55.2236,10.9822,2013,1408,0
1019,55.2248,11.0175,2015,NA,0
1020,55.229,10.9583,2014,2346,5.7
1021,55.2341,15.9577,2013,2737,0
1022,55.2347,15.9585,2013,2769,0
1023,55.235,17.3017,2016,2571,0.0145
1024,55.2363,17.2825,2016,2793,0.254
1025,55.2367,17.26,2017,2761,0.0012
1026,55.2368,17.2983,2012,2789,0.114
1027,55.2382,11.0056,2013,1494,0
1028,55.2383,15.9613,2012,3065,0
1029,55.2393,15.9623,2014,NA,0
1030,55.2404,17.3188,2012,2767,0
1031,55.2406,17.3253,2014,NA,0.004
1032,55.2409,17.3244,2013,2639,0.008
1033,55.2452,10.844,2015,NA,0
1034,55.2473,10.9902,2014,NA,0
1035,55.2478,13.7102,2014,2704,0
1036,55.2493,13.7097,2012,2920,0
1037,55.2506,13.7132,2016,2954,0.002
1038,55.2508,13.714,2013,2788,0
1039,55.2515,13.7143,2016,2817,0.001
1040,55.2532,13.7165,2015,2907,0
1041,55.2566,15.9749,2012,2989,0.042
1042,55.2579,17.4591,2012,2815,0
1043,55.258,17.4583,2014,NA,0.006
1044,55.2582,17.4538,2013,2867,0
1045,55.2582,17.4756,2012,2761,0
1046,55.2587,17.4241,2015,NA,0.004
1047,55.2589,17.4277,2016,2796,0
1048,55.259,15.977,2017,2813,0.002
1049,55.2591,15.977,2015,2754,0
1050,55.2594,15.9772,2017,NA,0
1051,55.26,17.4083,2017,2748,0.0706
1052,55.2612,13.9485,2013,2747,9.35
1053,55.2617,17.3983,2016,2670,0.03
1054,55.2617,19.0933,2017,1118,0
1055,55.265,17.435,2017,2957,0.0284
1056,55.2663,13.9138,2014,2663,0.034
1057,55.2668,13.7352,2013,2798,0
1058,55.2668,16.8779,2013,2700,0
1059,55.2678,13.8927,2014,2773,0
1060,55.2683,13.8883,2013,2918,0.114
1061,55.2684,16.0622,2015,2765,0
1062,55.2686,16.0632,2017,NA,0
1063,55.2688,14.081,2012,2835,0.606
1064,55.2688,16.0658,2014,NA,0
1065,55.2691,16.0524,2012,2993,0
1066,55.2705,13.7393,2014,2791,0
1067,55.2705,14.0447,2013,2749,0
1068,55.2707,13.7398,2012,2937,0
1069,55.2707,14.0405,2014,2763,0
1070,55.2732,10.9923,2014,NA,0
1071,55.2732,16.016,2013,2604,0
1072,55.2735,16.0162,2013,2680,0.156
1073,55.2737,13.7453,2015,3012,0.05
1074,55.2738,14.3265,2012,2941,0.112
1075,55.2745,13.7478,2017,2921,0
1076,55.2767,19.0817,2015,1078,0
1077,55.2797,16.9243,2012,2837,0
1078,55.2815,16.932,2012,2917,0
1079,55.2819,10.9923,2014,1714,0
1080,55.2823,10.9904,2013,1395,0
1081,55.2833,15.2413,2016,2722,0
1082,55.2866,10.9893,2015,3147,0
1083,55.2867,16.7833,2016,2813,0
1084,55.2905,15.0708,2012,2950,0
1085,55.293,15.0709,2017,2846,0.104
1086,55.2963,15.0668,2015,2780,0.004
1087,55.2967,18.2917,2017,2833,0
1088,55.2969,16.2919,2013,2880,0.64
1089,55.297,13.8605,2016,3113,0.136
1090,55.2998,13.8553,2012,2791,0
1091,55.3011,15.0619,2017,NA,0
1092,55.3024,16.1554,2012,3313,0
1093,55.3037,16.024,2017,NA,0
1094,55.3052,15.0581,2013,2735,0
1095,55.3082,15.3254,2013,3195,0
1096,55.3095,15.3304,2015,2800,0.002
1097,55.31,16.8117,2017,2860,0.0206
1098,55.3104,16.0396,2012,2967,0.006
1099,55.3114,16.1757,2016,2804,0.03
1100,55.3115,16.1756,2015,2815,0
1101,55.3117,17.3183,2016,2750,0.05
1102,55.3122,16.1774,2017,NA,0
1103,55.3133,17.2833,2017,1984,0
1104,55.3141,15.0479,2016,NA,0.016
1105,55.3149,14.9379,2015,NA,0.028
1106,55.3149,14.9393,2013,2620,0.038
1107,55.3153,14.942,2013,2917,0
1108,55.3156,14.9746,2016,2752,0.014
1109,55.3163,15.0469,2013,2850,0
1110,55.3171,14.9819,2013,3026,0
1111,55.3178,16.0463,2017,2861,0.052
1112,55.3188,15.3539,2013,3404,0
1113,55.3195,17.2725,2012,2745,0
1114,55.3196,16.049,2016,2796,0.728
1115,55.3197,17.2505,2016,2782,0
1116,55.32,17.2436,2015,2787,0
1117,55.3202,17.2426,2014,NA,0
1118,55.3211,14.9956,2012,2830,0
1119,55.3212,15.3509,2013,2454,1.9
1120,55.3216,15.357,2014,NA,0
1121,55.3217,16.0527,2015,2834,0
1122,55.3223,15.3561,2015,2737,0.26
1123,55.3233,18.13,2017,1397,0
1124,55.3244,17.3792,2016,2826,0.0321
1125,55.325,17.3733,2013,2480,0.004
1126,55.3257,15.3329,2012,2654,0.008
1127,55.326,15.3578,2016,2474,0.034
1128,55.3263,15.3575,2017,2809,0
1129,55.3283,17.34,2017,1682,0
1130,55.3292,15.3591,2017,NA,0
1131,55.33,17.3567,2017,2750,0.0146
1132,55.3309,15.0426,2012,2811,0
1133,55.3341,17.3909,2012,2924,0
1134,55.3367,16.92,2017,2533,0.123
1135,55.3369,17.4247,2015,2763,0
1136,55.3376,17.4254,2012,2730,0
1137,55.3381,15.365,2012,2900,0
1138,55.3386,16.2958,2012,2915,0
1139,55.3459,18.5844,2016,2995,0.01
1140,55.3461,16.2969,2013,2898,0
1141,55.3463,17.1442,2014,NA,0
1142,55.3463,17.1476,2012,2719,0
1143,55.3465,17.1065,2015,2730,0
1144,55.3472,16.3148,2014,NA,0.018
1145,55.3481,18.3838,2016,2806,0
1146,55.3483,17.2117,2017,1694,0.508
1147,55.3483,17.235,2017,2963,0
1148,55.3499,17.4568,2012,2793,0.008
1149,55.35,17.445,2017,0,0
1150,55.3509,18.1003,2016,2782,0
1151,55.3517,16.8967,2016,2537,0
1152,55.3555,16.9601,2013,2798,0
1153,55.356,15.0824,2017,NA,0
1154,55.3593,16.3182,2016,NA,0
1155,55.3633,10.8893,2012,2641,0
1156,55.3633,17.2,2016,2752,0
1157,55.3718,18.1004,2012,2795,0
1158,55.3732,15.2614,2013,2776,0.004
1159,55.3744,15.263,2015,2767,0.08
1160,55.375,18.8283,2017,2858,0
1161,55.3753,16.3195,2015,2828,0.27
1162,55.3755,9.7438,2015,2215,0
1163,55.376,15.2632,2016,3577,0.006
1164,55.3767,15.2649,2017,2828,0.009
1165,55.377,16.3198,2016,2798,0
1166,55.381,14.4612,2017,NA,0.101
1167,55.3824,15.2733,2016,1260,0
1168,55.3832,17.1683,2012,2863,0.502
1169,55.3833,17.8017,2016,1388,0
1170,55.3837,18.4334,2014,NA,0.006
1171,55.3838,17.1605,2013,13745,0.044
1172,55.3843,17.1538,2014,NA,0
1173,55.3851,15.2728,2012,2726,0.032
1174,55.386,10.8685,2015,NA,0
1175,55.3875,17.1214,2013,2719,0.082
1176,55.3891,10.8315,2013,2270,0
1177,55.3913,15.2897,2017,NA,0
1178,55.3917,15.4755,2013,2821,0
1179,55.3929,15.2931,2013,3030,0
1180,55.3935,10.8455,2014,NA,0
1181,55.3948,9.7396,2013,2583,0
1182,55.3965,15.2972,2014,NA,0
1183,55.3966,18.424,2016,2865,0.174
1184,55.3967,17.41,2017,2601,0.0012
1185,55.3967,17.5817,2017,1884,0
1186,55.3972,15.4648,2012,3004,0.001
1187,55.3983,17.5633,2017,1696,0
1188,55.3985,15.3032,2012,2802,0
1189,55.4006,17.5713,2014,NA,0.106
1190,55.4024,16.8981,2016,2832,0.652
1191,55.403,16.8961,2015,2787,0.106
1192,55.4034,16.8958,2014,NA,0.096
1193,55.4035,16.8905,2013,2889,0.002
1194,55.4045,17.4238,2012,2859,0.23
1195,55.405,17.583,2012,2917,0
1196,55.4063,18.9259,2014,NA,0.172
1197,55.407,18.9249,2012,2869,0
1198,55.4076,10.8685,2014,2370,0
1199,55.4083,18.4267,2017,2515,0.0482
1200,55.4117,17.795,2017,2999,0
1201,55.4133,17.7983,2017,2886,0.1692
1202,55.415,16.7867,2017,1678,0.081
1203,55.415,18.9483,2015,NA,0
1204,55.4183,16.8082,2013,2746,1.112
1205,55.4193,16.815,2012,2804,0.044
1206,55.4233,16.8133,2017,3031,0
1207,55.4233,18.475,2017,2943,0
1208,55.4309,15.1743,2013,3197,0
1209,55.4318,18.5927,2016,2826,0
1210,55.4327,15.9188,2013,2665,0
1211,55.4334,15.977,2012,3102,0.206
1212,55.4346,15.9651,2013,2967,0
1213,55.4353,15.1583,2012,3260,0.066
1214,55.4364,18.9229,2016,2782,0
1215,55.4365,10.7837,2014,NA,0
1216,55.4391,10.7976,2015,2531,0
1217,55.4443,10.7865,2015,NA,0
1218,55.4452,16.9431,2012,2822,0
1219,55.4453,14.7777,2015,28389,0
1220,55.4525,14.6776,2013,2713,0
1221,55.4533,17.255,2017,2667,0.2228
1222,55.4533,18.9367,2016,2861,0
1223,55.4547,14.682,2014,2778,0.128
1224,55.4552,14.6879,2016,NA,0.012
1225,55.4563,14.6981,2017,NA,0
1226,55.4565,15.9215,2014,NA,0
1227,55.457,10.9049,2013,1842,0
1228,55.4571,15.9257,2017,2715,0.038
1229,55.4583,14.4837,2016,2797,0.034
1230,55.4583,17.3033,2016,2665,0
1231,55.4585,14.4765,2017,2815,0.235
1232,55.4592,17.2035,2016,2832,0
1233,55.4593,17.2143,2015,2765,0
1234,55.4597,14.501,2012,2882,0
1235,55.4617,18.5737,2012,3095,0.002
1236,55.4618,15.0299,2017,NA,0
1237,55.4632,17.4666,2013,2928,0.352
1238,55.464,14.9901,2015,2263,0
1239,55.4646,15.9956,2016,0,0.006
1240,55.4647,14.9753,2012,2958,0.2
1241,55.4651,14.602,2012,2748,0.09
1242,55.4663,14.61,2016,NA,0
1243,55.4672,14.6145,2017,2815,0.008
1244,55.4673,14.6141,2017,NA,0.002
1245,55.4676,15.9519,2015,NA,0
1246,55.4678,15.9506,2017,NA,0
1247,55.4682,14.6188,2014,NA,0.016
1248,55.4685,15.9065,2015,2776,0
1249,55.469,15.5571,2016,2802,0
1250,55.4724,17.8134,2012,2889,0
1251,55.4727,15.5599,2017,NA,0
1252,55.4767,15.2177,2016,2793,0
1253,55.48,17.7517,2017,2784,0
1254,55.4808,14.6025,2014,2778,0.016
1255,55.4822,14.6054,2014,NA,0.232
1256,55.4833,17.4767,2017,2734,0.0048
1257,55.4845,14.7653,2013,2746,0
1258,55.4854,17.4455,2013,2826,0.002
1259,55.4858,15.5732,2017,2834,0.004
1260,55.4866,17.4223,2013,2887,0.046
1261,55.487,15.9644,2012,3354,0
1262,55.4874,14.7227,2014,NA,0.002
1263,55.4875,14.7242,2016,2687,0.028
1264,55.4879,17.4612,2012,2761,0
1265,55.4888,14.7125,2014,NA,0
1266,55.4899,17.466,2015,2708,0
1267,55.49,17.515,2017,2837,0.1356
1268,55.4916,15.5786,2015,2758,0
1269,55.4916,20.6566,2017,NA,0.148
1270,55.4917,17.8567,2017,2231,0
1271,55.4923,17.4697,2012,2708,0.236
1272,55.4932,20.6042,2015,2778,0
1273,55.4938,14.6432,2015,2759,0
1274,55.4944,15.2674,2013,2783,0
1275,55.4948,14.6462,2016,NA,0.042
1276,55.4948,14.6472,2017,NA,0.015
1277,55.4967,17.8667,2017,1892,0
1278,55.4967,18.9967,2017,1309,0
1279,55.4975,18.1032,2014,NA,0
1280,55.5035,17.9453,2016,2806,0.015
1281,55.5112,17.9762,2014,NA,0
1282,55.5135,17.9834,2012,2748,0
1283,55.5158,18.0439,2012,2722,0
1284,55.5206,15.5646,2013,2728,0
1285,55.5208,16.1642,2013,3091,0
1286,55.5208,18.9958,2016,2815,0
1287,55.5223,15.5001,2012,2808,0
1288,55.523,18.9934,2012,3428,0
1289,55.525,18.2317,2016,2587,0
1290,55.5252,15.5307,2013,2811,0
1291,55.5259,18.5513,2014,NA,0.016
1292,55.5289,14.9002,2016,2817,0.174
1293,55.5316,16.3576,2012,2834,0
1294,55.5331,15.5493,2015,2759,0
1295,55.5331,18.1909,2016,2741,0
1296,55.5332,15.5557,2017,NA,0
1297,55.5337,15.5847,2012,2889,0
1298,55.5371,16.1757,2017,NA,0.021
1299,55.5373,17.5412,2015,2765,0
1300,55.5385,17.5456,2012,2598,0
1301,55.5394,17.5462,2013,2678,15
1302,55.5401,10.8568,2014,1314,2
1303,55.5403,15.5851,2013,2774,0.02
1304,55.5449,15.582,2012,2750,0.088
1305,55.5475,17.5795,2012,2700,0.004
1306,55.5511,15.5867,2014,NA,0
1307,55.5531,16.1804,2013,2730,0.018
1308,55.555,17.6167,2017,2714,6.7382
1309,55.5578,10.8438,2014,NA,0
1310,55.5581,15.586,2016,2808,0
1311,55.5585,10.922,2012,2574,0
1312,55.5595,16.1824,2017,2895,0
1313,55.5599,16.1829,2015,1938,0.01
1314,55.5622,16.1816,2016,2695,0
1315,55.565,16.1849,2012,2743,0
1316,55.5708,16.4131,2015,2804,0.002
1317,55.5735,18.3553,2016,2774,0
1318,55.5761,15.0098,2013,3482,0
1319,55.5762,15.0047,2013,2891,0.002
1320,55.5772,15.0513,2012,2758,0.334
1321,55.579,10.9076,2013,2239,0
1322,55.5795,15.0325,2012,3010,0.8
1323,55.5797,10.91,2015,NA,0
1324,55.5836,16.1904,2016,2720,0
1325,55.5871,16.3874,2017,NA,0.014
1326,55.5872,16.3894,2016,2769,0
1327,55.5908,16.6643,2016,2698,0
1328,55.5964,15.2588,2016,2771,0.334
1329,55.5967,18.3833,2017,2671,0
1330,55.597,16.6678,2015,2769,0.002
1331,55.5975,15.2935,2012,3714,0.014
1332,55.5984,16.6689,2014,NA,0
1333,55.5985,14.5607,2013,2722,0.004
1334,55.6,14.566,2016,2834,0
1335,55.6003,14.5657,2017,2759,0
1336,55.6008,15.921,2012,3586,0
1337,55.6018,16.6719,2017,NA,0.008
1338,55.6042,16.6726,2016,NA,0.012
1339,55.6092,18.3762,2014,NA,0.016
1340,55.6111,15.9003,2017,NA,0
1341,55.6117,16.677,2013,2811,0
1342,55.6126,16.6788,2013,2796,0
1343,55.6128,14.6047,2014,2741,0.072
1344,55.613,14.7523,2013,2741,0.004
1345,55.6142,16.6792,2017,2791,0
1346,55.6152,14.6102,2016,NA,0
1347,55.6152,17.5948,2015,2737,0
1348,55.6197,16.6837,2012,2717,0.092
1349,55.6233,20.7066,2016,NA,0.33
1350,55.6255,14.7098,2015,2741,0.294
1351,55.6257,14.7554,2017,NA,0
1352,55.6269,14.6922,2013,2822,0
1353,55.628,15.0393,2017,NA,0.008
1354,55.6317,14.6067,2012,2797,0.01
1355,55.6324,17.618,2016,2809,0
1356,55.6343,10.5468,2014,2253,0
1357,55.6368,15.1064,2016,2791,0.1
1358,55.6371,15.1075,2017,NA,0.046
1359,55.6371,15.1082,2014,NA,0.052
1360,55.6372,14.6187,2012,2667,0.05
1361,55.6392,17.627,2014,NA,0
1362,55.64,10.0353,2012,2509,2.5
1363,55.64,18.5833,2017,2742,0
1364,55.6405,14.7968,2013,2774,0
1365,55.6417,14.739,2014,NA,0.074
1366,55.6417,18.97,2017,2832,0
1367,55.6433,20.1567,2016,NA,0
1368,55.6433,20.2483,2016,NA,0
1369,55.6472,14.6838,2012,2834,0
1370,55.6483,20.2567,2016,NA,0
1371,55.65,18.085,2017,1415,0
1372,55.651,14.6495,2015,2759,0.026
1373,55.6534,14.8451,2017,NA,0.006
1374,55.6546,18.9562,2016,2752,0.034
1375,55.6547,14.6568,2015,2741,0.004
1376,55.6548,14.657,2013,2852,0
1377,55.6553,14.6573,2014,2574,0.066
1378,55.6595,14.5275,2016,2834,0.034
1379,55.661,14.5218,2013,2759,0
1380,55.6632,15.2307,2015,2815,0.07
1381,55.664,15.2305,2013,2454,0.046
1382,55.6642,15.2792,2016,NA,0
1383,55.6646,15.287,2012,2908,0.082
1384,55.6646,18.0422,2013,2800,0
1385,55.6664,10.2037,2014,2344,0
1386,55.6665,10.1982,2013,2383,0
1387,55.6671,10.367,2015,2333,0.2
1388,55.6708,15.0163,2012,2769,0
1389,55.6735,10.2257,2015,NA,0
1390,55.6738,16.4977,2013,2633,0.188
1391,55.675,20.1333,2016,NA,0.092
1392,55.6755,18.0322,2015,2832,0.008
1393,55.6766,20.6274,2015,2778,0.1
1394,55.6775,15.7958,2012,2695,0
1395,55.6786,14.7721,2016,NA,0
1396,55.6788,10.6436,2015,1968,0
1397,55.6795,16.2024,2015,2735,0
1398,55.6798,14.7767,2017,2834,0
1399,55.6804,15.7945,2015,2789,0.036
1400,55.681,15.7953,2014,NA,0.258
1401,55.6817,18.0288,2016,2748,0.014
1402,55.6818,10.7678,2012,2574,0
1403,55.6821,16.1653,2016,16275,0
1404,55.6825,16.1635,2013,2741,0
1405,55.6828,16.16,2014,2797,0.002
1406,55.6833,16.1465,2012,2852,0.026
1407,55.6843,14.503,2013,2759,0.01
1408,55.6855,14.4582,2015,2778,0.006
1409,55.6872,14.8167,2017,2815,0.001
1410,55.6884,14.8242,2016,2787,0.042
1411,55.6887,14.4483,2017,2778,0.048
1412,55.6888,14.4492,2012,2722,0.026
1413,55.689,14.8825,2017,2778,0
1414,55.6892,14.8861,2012,2874,0.06
1415,55.6896,10.7712,2013,2424,0
1416,55.6902,15.1177,2013,2850,0
1417,55.6902,15.1274,2012,2854,0
1418,55.6921,15.1121,2017,NA,0.034
1419,55.6929,15.1209,2016,NA,0.002
1420,55.6932,15.1225,2015,2815,0.136
1421,55.6943,16.7345,2012,2763,3.5
1422,55.6963,10.2807,2012,2585,0
1423,55.6965,14.3657,2017,2834,0.489
1424,55.6967,10.2493,2013,2089,0
1425,55.697,10.4265,2013,2302,0
1426,55.6978,14.534,2016,2797,0.034
1427,55.6995,14.5372,2015,2759,0.086
1428,55.6996,10.4573,2015,NA,0
1429,55.7,14.5393,2017,2852,0.008
1430,55.7003,14.5398,2014,2741,0
1431,55.7005,14.54,2016,2797,0.002
1432,55.7008,14.5413,2013,2741,0
1433,55.701,14.5415,2014,2908,0
1434,55.7013,10.2483,2012,2461,0
1435,55.7017,10.4285,2012,2216,0
1436,55.7019,10.2336,2014,NA,0
1437,55.7021,10.2378,2013,2194,0
1438,55.7027,10.4778,2013,1768,0
1439,55.705,20.705,2017,NA,0.055
1440,55.7051,10.4218,2014,2528,0
1441,55.7064,16.183,2016,NA,0.082
1442,55.7067,19.9783,2016,NA,0.0172
1443,55.7078,14.4103,2016,2759,0
1444,55.7082,14.412,2015,2778,0
1445,55.7082,14.4133,2012,2741,0.02
1446,55.7083,14.4138,2014,2797,0
1447,55.7085,14.4118,2017,2815,0.032
1448,55.7088,14.4152,2013,2797,0
1449,55.7088,14.4165,2015,2778,0
1450,55.7088,20.6645,2016,NA,0.034
1451,55.7109,16.6889,2013,2839,0
1452,55.7117,14.7311,2014,NA,0.038
1453,55.7122,10.785,2013,2265,0
1454,55.713,14.4155,2017,2797,0.045
1455,55.7132,14.4153,2012,2241,0.001
1456,55.714,14.4222,2013,2759,0
1457,55.7142,14.3502,2017,2834,0.056
1458,55.7142,14.4225,2015,2759,0
1459,55.7183,19.9666,2016,NA,0.012
1460,55.7188,16.2249,2014,NA,0.004
1461,55.7192,14.338,2014,2797,0.16
1462,55.7192,16.6595,2012,2982,0
1463,55.7197,16.6433,2016,2783,0.002
1464,55.72,14.337,2014,2611,0
1465,55.72,14.3372,2012,2722,0.018
1466,55.72,16.2297,2017,2809,0
1467,55.7207,14.3363,2017,2741,0
1468,55.7249,16.6736,2017,NA,0.026
1469,55.725,14.3438,2015,2759,0
1470,55.7262,16.722,2012,2789,0
1471,55.7277,15.3132,2013,2797,0
1472,55.7287,15.3238,2013,2298,0.022
1473,55.7289,16.6801,2017,2858,0.022
1474,55.7298,15.327,2016,2759,0
1475,55.7298,16.0731,2017,NA,0.134
1476,55.7299,16.0737,2012,2644,0
1477,55.7333,17.9667,2017,1376,0.0284
1478,55.7347,15.2693,2013,2719,0
1479,55.7347,15.5563,2017,NA,0.008
1480,55.7348,16.7176,2015,2754,0.008
1481,55.7357,15.5618,2013,2074,0
1482,55.7363,17.9698,2012,2626,0
1483,55.7364,17.97,2013,2802,0
1484,55.7366,17.9713,2014,NA,0.018
1485,55.7388,17.975,2012,2774,0.01
1486,55.7408,15.5997,2014,2778,0.082
1487,55.7415,15.599,2012,2834,0.656
1488,55.7417,15.6022,2014,NA,0.002
1489,55.7424,15.6057,2012,2819,0.002
1490,55.745,16.3332,2014,2778,0.026
1491,55.7468,16.3335,2013,2815,0
1492,55.7498,15.3813,2012,2698,0.044
1493,55.7533,20.2217,2016,NA,0
1494,55.7618,16.3416,2012,2878,0
1495,55.7633,20.3683,2017,NA,0.11
1496,55.7654,16.6626,2014,NA,0
1497,55.7657,15.7898,2016,2797,0.004
1498,55.766,15.4421,2016,NA,0
1499,55.7661,16.6606,2016,NA,0.041
1500,55.7677,16.3431,2012,2902,0
1501,55.7678,16.3333,2017,2778,0.006
1502,55.7693,15.5462,2014,2759,0.006
1503,55.7695,15.5485,2014,2778,0.006
1504,55.7698,16.3343,2016,2778,0.015
1505,55.77,15.3033,2014,2759,0.016
1506,55.77,20.425,2017,NA,0.627
1507,55.7703,15.2967,2017,2722,0
1508,55.7705,10.9197,2014,NA,0
1509,55.7705,15.2568,2015,2778,0
1510,55.7705,15.2925,2016,2778,0.017
1511,55.7705,15.2998,2016,NA,0
1512,55.7717,16.7103,2016,2778,0.018
1513,55.7743,16.7091,2017,NA,0.066
1514,55.7758,16.7079,2017,2830,0
1515,55.7775,16.647,2013,2019,0
1516,55.778,17.6993,2014,NA,0.008
1517,55.7786,17.6994,2012,2789,0
1518,55.7812,16.3436,2014,NA,0.004
1519,55.7817,20.065,2016,NA,0
1520,55.7825,17.6961,2017,2811,0
1521,55.7833,10.692,2013,2483,0
1522,55.7833,20.1683,2017,NA,0.132
1523,55.7835,15.9394,2016,NA,0
1524,55.7835,15.9805,2017,2832,0.014
1525,55.7848,16.6388,2012,2834,0.14
1526,55.7851,16.6379,2017,2791,0
1527,55.7861,10.7015,2013,2139,0
1528,55.7867,16.6363,2014,2797,0.006
1529,55.7877,16.6352,2015,2815,0.592
1530,55.7883,10.701,2015,NA,0
1531,55.7894,16.6998,2015,2759,0
1532,55.79,20.3583,2017,NA,0.572
1533,55.791,16.6303,2017,2797,0.438
1534,55.7923,12.8423,2015,NA,0
1535,55.7947,10.7103,2012,2253,0
1536,55.7948,16.4837,2015,2778,0
1537,55.7967,10.7268,2012,2153,0
1538,55.7971,15.8871,2012,2802,0
1539,55.7971,16.2517,2012,2741,0.042
1540,55.7972,15.9102,2016,2797,0.089
1541,55.7973,15.9138,2013,2797,0.012
1542,55.7973,15.919,2015,2797,0.134
1543,55.7975,12.7093,2013,1258,0
1544,55.7977,15.9108,2013,2704,0.14
1545,55.7978,15.9622,2017,2852,0.025
1546,55.7979,15.9595,2017,2908,0
1547,55.7982,15.9532,2012,2852,0.124
1548,55.7988,10.7202,2014,2452,0
1549,55.7989,16.4956,2017,2761,0
1550,55.7999,18.1507,2013,2893,0
1551,55.8008,17.6842,2016,2815,0.001
1552,55.801,17.6841,2013,2837,0
1553,55.8013,17.6837,2015,2552,0.056
1554,55.8022,15.8027,2015,2741,0.046
1555,55.8022,15.8038,2013,2834,0.084
1556,55.8027,15.8052,2017,2797,0.047
1557,55.8036,10.7391,2015,2379,0
1558,55.8038,17.6825,2016,2759,0.023
1559,55.8042,15.8158,2013,1871,0
1560,55.8042,16.5143,2013,2704,0
1561,55.8043,16.5167,2013,2852,0
1562,55.8045,15.2853,2017,2871,0
1563,55.8047,17.682,2014,2759,0.044
1564,55.8047,17.6821,2013,2822,0.026
1565,55.806,15.2913,2014,2759,0.284
1566,55.8073,15.2943,2016,2685,0.007
1567,55.8075,15.84,2016,NA,0
1568,55.8075,15.8402,2017,2871,0.066
1569,55.8082,15.8457,2015,2797,0.016
1570,55.8082,17.6788,2017,2593,0.002
1571,55.8083,20.2783,2017,NA,0.772
1572,55.8088,15.8478,2014,NA,0.004
1573,55.8093,16.5355,2017,NA,0
1574,55.8145,12.7173,2015,1588,0
1575,55.8163,15.3965,2013,2778,0.008
1576,55.818,15.2585,2014,2778,0.204
1577,55.8182,12.7115,2014,NA,0.1
1578,55.819,12.7115,2013,2533,1
1579,55.819,12.7138,2012,2322,0
1580,55.82,12.7168,2015,NA,0
1581,55.821,16.4677,2017,2798,0.041
1582,55.8212,15.3177,2012,2556,0
1583,55.8213,15.2632,2016,2797,0
1584,55.8213,15.3207,2013,2704,0
1585,55.8217,12.709,2014,2446,0
1586,55.8217,15.3217,2016,2797,0.118
1587,55.8222,10.9378,2015,NA,0
1588,55.8225,15.323,2014,2815,0.004
1589,55.8228,15.3232,2013,2797,0
1590,55.8233,15.324,2015,2722,0.192
1591,55.8236,12.7115,2012,2543,0
1592,55.8243,10.7815,2012,2450,0
1593,55.825,20.05,2016,NA,0
1594,55.8258,15.3268,2012,2848,0.004
1595,55.8258,15.4328,2017,2834,0
1596,55.8259,15.4322,2016,NA,0
1597,55.8268,15.4363,2012,2741,0.002
1598,55.8282,16.4272,2017,2778,0.064
1599,55.8282,16.4287,2014,2815,0.008
1600,55.8292,15.5172,2013,3334,0
1601,55.8315,15.5275,2012,2630,0
1602,55.8343,15.9425,2017,2908,0.032
1603,55.8345,15.5498,2016,NA,0
1604,55.8348,15.2832,2017,2815,0
1605,55.835,15.2832,2015,2778,0.004
1606,55.8353,15.9457,2014,2797,0
1607,55.8355,15.946,2015,2785,0.387
1608,55.8375,15.2865,2012,2926,0.172
1609,55.8375,16.1855,2013,2852,0.146
1610,55.8393,16.166,2013,2111,0.026
1611,55.84,15.962,2012,1426,0.208
1612,55.8402,16.1515,2012,2741,0.06
1613,55.8402,16.1577,2017,2796,0
1614,55.8406,16.1542,2015,2709,0
1615,55.8418,16.1427,2014,2815,0.102
1616,55.8433,15.9745,2013,1908,0.002
1617,55.8447,15.5653,2017,2759,0.058
1618,55.8452,15.9818,2015,2759,0
1619,55.8458,15.9843,2012,2797,0.08
1620,55.8468,15.9869,2017,2846,0
1621,55.8469,17.6948,2012,2767,0
1622,55.8481,15.9911,2014,NA,0.214
1623,55.8517,18.7383,2015,NA,0
1624,55.8633,20.105,2017,NA,0.266
1625,55.8642,16.4819,2014,NA,0.152
1626,55.8647,16.4538,2017,1408,0.086
1627,55.8648,16.4725,2016,NA,0.142
1628,55.865,16.4503,2012,1759,0.014
1629,55.8653,16.4473,2013,1871,0.22
1630,55.8655,16.4337,2016,2759,0.016
1631,55.8657,16.433,2012,2797,0.104
1632,55.8657,16.4362,2014,2815,0.158
1633,55.866,16.436,2015,2761,0.322
1634,55.866,17.6679,2013,2845,0.5
1635,55.8662,17.6677,2014,2834,0.118
1636,55.8683,18.745,2016,1496,0
1637,55.8693,16.0225,2014,2797,0
1638,55.8695,16.0228,2016,2797,0
1639,55.8701,16.067,2016,NA,0
1640,55.8708,16.0655,2015,2778,0.004
1641,55.8708,16.0697,2017,2871,0.001
1642,55.8731,18.8104,2012,3630,0.868
1643,55.8767,18.755,2017,2416,0.0062
1644,55.8899,17.7276,2015,2806,0.076
1645,55.8912,17.7278,2017,2798,0
1646,55.8997,17.0582,2013,2778,0.96
1647,55.9067,15.5677,2016,2685,1.494
1648,55.9076,11.2496,2012,2363,0
1649,55.9077,11.2409,2014,NA,0
1650,55.9083,17.0128,2012,2741,0.144
1651,55.909,11.2543,2015,NA,0
1652,55.9098,15.5672,2012,2852,0.784
1653,55.9108,11.2457,2013,2368,0
1654,55.9117,17.7411,2017,NA,0.152
1655,55.9142,17.7425,2016,2778,0.002
1656,55.915,17.7438,2012,2797,0.08
1657,55.9177,18.6807,2016,2797,0.002
1658,55.9184,18.6356,2013,3106,0
1659,55.9187,18.6362,2016,2778,5.018
1660,55.919,18.6313,2017,2834,0
1661,55.92,18.65,2014,2778,0
1662,55.9205,20.6057,2017,NA,0.004
1663,55.921,11.2278,2014,2291,0
1664,55.9368,15.402,2017,2797,0.002
1665,55.9375,15.3627,2016,2797,0.282
1666,55.94,15.4022,2014,2778,0.02
1667,55.94,20.4066,2016,NA,0
1668,55.9415,12.6322,2013,1909,0
1669,55.9438,15.3355,2015,2778,0.078
1670,55.9455,17.7619,2017,2850,0
1671,55.9461,10.4879,2013,2765,0
1672,55.95,20.405,2017,NA,1.1
1673,55.95,20.425,2017,NA,0.96
1674,55.956,12.6918,2015,NA,0
1675,55.9575,12.6377,2014,NA,0.6
1676,55.9592,17.1425,2012,2759,0.08
1677,55.9618,12.645,2015,2016,30
1678,55.9634,12.6434,2012,2630,0
1679,55.9642,15.4033,2013,2834,0.004
1680,55.9647,12.6477,2013,2720,0
1681,55.9653,12.6483,2015,NA,0
1682,55.9662,12.6461,2012,2163,0
1683,55.9677,12.6495,2014,2396,0
1684,55.9699,11.0718,2013,2292,0
1685,55.9733,11.0493,2015,2257,0
1686,55.975,17.5867,2012,2611,0.17
1687,55.9772,17.5845,2013,2093,0.082
1688,55.981,10.917,2012,2583,0
1689,55.982,10.8931,2012,2270,0
1690,55.986,10.8751,2013,2387,0
1691,55.9936,10.6946,2015,2370,0
1692,55.995,20.5866,2016,NA,0
1693,56.0082,18.9008,2014,NA,0
1694,56.0106,11.1299,2012,2585,0
1695,56.0208,18.9075,2015,2778,0.014
1696,56.025,19.435,2016,NA,0.03
1697,56.0298,11.3718,2012,2405,0
1698,56.0317,10.3802,2012,2593,0
1699,56.0323,11.3516,2015,2539,0.2
1700,56.0373,18.935,2016,2759,0
1701,56.0374,18.9349,2013,2746,0.01
1702,56.0379,10.9538,2013,2150,0
1703,56.0412,10.9333,2014,3015,0
1704,56.0465,10.9303,2015,NA,0
1705,56.0543,17.738,2014,2759,0.188
1706,56.057,17.7425,2015,2809,0.036
1707,56.0593,17.7454,2017,2759,0
1708,56.0712,17.3732,2016,2815,0.008
1709,56.0723,17.7622,2012,2797,0.16
1710,56.0728,17.3768,2014,2797,2.032
1711,56.0732,17.3782,2014,2741,3.693
1712,56.074,17.3802,2016,NA,0.002
1713,56.0743,17.3818,2013,2834,0.008
1714,56.0767,17.7698,2013,2759,0.09
1715,56.0807,17.7727,2014,2852,0.04
1716,56.0821,17.7757,2017,NA,0.012
1717,56.083,17.4072,2015,2778,0
1718,56.0852,17.4133,2012,2797,0.014
1719,56.0865,17.4173,2017,2889,0.052
1720,56.0899,17.8417,2016,NA,0.468
1721,56.09,20.5466,2015,2778,0
1722,56.09,20.5466,2016,NA,0
1723,56.0938,17.8277,2012,2487,0
1724,56.0963,10.4693,2012,2637,0
1725,56.0972,17.6372,2013,2834,0.13
1726,56.0978,17.6368,2013,2797,0
1727,56.0987,18.0822,2015,2778,0.228
1728,56.1021,17.807,2017,2837,0
1729,56.1042,17.788,2016,2778,1.405
1730,56.1055,18.1162,2012,2759,0
1731,56.1055,18.1185,2017,2815,0
1732,56.1072,18.127,2016,2797,0.034
1733,56.1145,18.0059,2014,NA,0.138
1734,56.1212,12.4682,2013,2554,0
1735,56.124,17.6533,2014,2834,0.209
1736,56.1291,12.4316,2015,2491,0
1737,56.1293,12.4298,2014,NA,0.1
1738,56.13,19.8883,2016,NA,0
1739,56.13,19.895,2015,NA,0
1740,56.13,19.9017,2017,NA,0
1741,56.1308,12.4317,2014,2485,0
1742,56.131,10.9106,2012,2459,0
1743,56.1317,19.89,2017,NA,0
1744,56.1317,19.905,2016,NA,0
1745,56.133,12.4208,2012,2600,0
1746,56.1337,17.7296,2012,2800,0.19
1747,56.1357,12.439,2015,NA,0
1748,56.1379,18.3173,2016,NA,0.034
1749,56.138,18.3175,2015,2815,0.174
1750,56.14,19.5817,2015,NA,0
1751,56.1433,19.59,2017,NA,0
1752,56.1442,17.6985,2013,2797,0
1753,56.1464,17.718,2016,NA,0
1754,56.1467,19.5917,2016,NA,0
1755,56.1474,12.4413,2012,2581,0
1756,56.1487,17.7392,2013,2741,0.01
1757,56.1492,17.7437,2014,2834,0
1758,56.1492,17.7463,2017,2815,0
1759,56.1497,17.7503,2012,2741,0
1760,56.1498,17.7484,2015,2882,0.018
1761,56.1525,18.3285,2017,NA,2.186
1762,56.1587,18.3333,2014,NA,0.04
1763,56.159,11.0468,2014,NA,0
1764,56.16,18.3333,2016,2778,0
1765,56.1637,18.337,2012,2759,0.13
1766,56.18,19.4333,2016,NA,0.0034
1767,56.18,19.9183,2016,NA,0
1768,56.1817,19.4317,2017,NA,0
1769,56.1823,18.3463,2015,2815,0.036
1770,56.1833,19.92,2017,NA,0
1771,56.1847,18.3515,2013,3150,0
1772,56.185,19.445,2016,NA,0
1773,56.1862,18.349,2017,1982,0.028
1774,56.1935,11.9097,2014,2485,0
1775,56.1938,18.3542,2016,2000,0.001
1776,56.1948,11.9077,2014,NA,0
1777,56.1978,10.9868,2012,2576,0
1778,56.1981,11.8955,2013,2053,0
1779,56.2027,11.2887,2013,2153,0
1780,56.208,11.8985,2015,NA,0
1781,56.2083,10.9636,2013,2643,0
1782,56.2091,12.2916,2015,2335,0.4
1783,56.21,11.955,2012,2359,0
1784,56.215,10.8921,2015,2452,0
1785,56.2157,12.3185,2013,2328,0.2
1786,56.2158,11.585,2012,2489,0
1787,56.2161,10.8935,2014,NA,0
1788,56.2177,11.066,2012,2405,0
1789,56.2181,17.9357,2012,2756,0.09
1790,56.219,11.042,2014,2253,0
1791,56.2193,11.9743,2013,2268,0
1792,56.2207,19.495,2017,NA,0.008
1793,56.2283,11.9783,2015,2593,0
1794,56.2338,18.4463,2017,1445,0
1795,56.2353,11.0523,2013,2539,0
1796,56.237,17.8593,2015,2778,0
1797,56.238,17.8612,2014,2778,0
1798,56.239,18.4545,2016,2797,0.05
1799,56.2398,17.8638,2016,2797,0.12
1800,56.2402,17.8642,2013,2759,0.02
1801,56.243,12.1166,2012,2048,0
1802,56.2472,12.3017,2015,NA,0
1803,56.2525,17.9148,2016,NA,0
1804,56.2543,18.4818,2012,2722,0.026
1805,56.2564,19.539,2017,NA,0.002
1806,56.2565,17.8863,2013,2815,0
1807,56.2583,17.8888,2017,2834,0
1808,56.2623,17.8903,2012,2704,0.46
1809,56.2667,19.665,2017,NA,0
1810,56.27,12.0172,2014,2381,0
1811,56.2718,12.0128,2014,NA,0
1812,56.2722,12.0085,2015,NA,0
1813,56.2788,12.2613,2013,2418,0
1814,56.2858,18.5358,2012,2778,0
1815,56.295,18.5445,2017,1593,0.014
1816,56.3008,18.5497,2015,2759,5.2
1817,56.305,18.5583,2014,2778,0
1818,56.32,18.6783,2015,2778,0
1819,56.3244,18.6839,2017,2667,8.578
1820,56.325,19.5583,2015,NA,0
1821,56.3255,18.6883,2016,2797,0.704
1822,56.3268,18.4598,2014,2815,0.34
1823,56.3283,19.5333,2017,NA,0
1824,56.33,18.4645,2016,2759,0.13
1825,56.33,18.7083,2017,2778,0
1826,56.3315,18.4162,2015,2797,2.49
1827,56.3333,18.7167,2012,2778,0
1828,56.3333,18.7167,2013,2778,0
1829,56.3335,18.4198,2012,2722,0.91
1830,56.337,11.8467,2013,2437,0
1831,56.339,11.8097,2014,NA,0
1832,56.3393,11.2347,2014,NA,0
1833,56.34,18.4292,2017,2852,0.486
1834,56.3401,18.4775,2017,2776,0.264
1835,56.3407,18.4778,2016,2759,0.138
1836,56.3413,18.4331,2017,2802,0.454
1837,56.3414,18.484,2013,2759,0.07
1838,56.3417,11.9807,2015,NA,0
1839,56.3428,11.9813,2015,2485,0.2
1840,56.3432,18.434,2016,2778,0.65
1841,56.3469,18.4406,2016,NA,0
1842,56.347,18.5538,2015,2778,0
1843,56.3472,18.4863,2013,2778,0.124
1844,56.3472,18.4867,2012,2778,0.1
1845,56.3485,18.4877,2012,2778,0.78
1846,56.35,18.5537,2012,2778,0
1847,56.3503,18.4465,2015,2797,0.022
1848,56.3505,18.4905,2017,2871,0.166
1849,56.353,12.3107,2013,2250,0
1850,56.3535,12.3363,2012,2252,0
1851,56.3661,12.3391,2015,2357,0
1852,56.37,19.5317,2017,NA,0
1853,56.37,19.675,2015,NA,0
1854,56.3715,18.4643,2012,2704,0.26
1855,56.3717,19.87,2016,NA,0
1856,56.373,18.465,2015,2778,0.038
1857,56.375,18.4688,2016,2778,0
1858,56.3757,18.4692,2013,2741,0.02
1859,56.3767,19.6683,2017,NA,0
1860,56.3772,19.8949,2017,NA,0.012
1861,56.3815,18.4628,2015,2778,0
1862,56.3857,18.4677,2016,2759,0.002
1863,56.3898,18.6058,2014,2852,0.784
1864,56.3933,18.4895,2017,2889,0.029
1865,56.395,20.0983,2017,NA,0
1866,56.3968,18.5162,2013,2774,0.802
1867,56.3983,20.0983,2016,NA,0
1868,56.3983,20.1,2017,NA,0
1869,56.405,18.6173,2017,NA,0.012
1870,56.411,18.6212,2016,2778,0.02
1871,56.4113,18.6213,2015,2797,17.106
1872,56.4167,18.6327,2013,4008,0
1873,56.4175,11.6578,2013,2485,0
1874,56.425,16.7548,2012,2722,0
1875,56.4277,16.758,2017,2834,0
1876,56.4287,16.7583,2015,2852,0.004
1877,56.43,16.7598,2016,2797,0.5
1878,56.43,18.6617,2017,2778,0
1879,56.4318,11.0592,2015,NA,0
1880,56.4326,11.0673,2015,2359,6.6
1881,56.435,20.0867,2017,NA,0
1882,56.4365,11.056,2014,1169,0
1883,56.4369,18.6751,2013,3899,0
1884,56.4414,11.6673,2012,2357,0
1885,56.446,11.0613,2013,2518,0
1886,56.4483,20.065,2017,NA,0.0674
1887,56.4488,11.0582,2013,2543,0
1888,56.45,16.97,2013,2778,0
1889,56.4533,19.8033,2016,NA,0
1890,56.4535,16.7797,2013,2871,0
1891,56.4547,18.669,2013,2759,0.098
1892,56.4578,16.9682,2016,2778,0.322
1893,56.4583,16.9667,2015,2778,0
1894,56.4583,16.9667,2016,2778,0
1895,56.4583,16.9675,2012,2778,0
1896,56.4583,19.8133,2017,NA,0
1897,56.4588,16.9675,2014,2741,0
1898,56.4592,16.9678,2014,2741,6.008
1899,56.4602,11.6423,2012,2578,0
1900,56.4613,11.047,2012,2296,0
1901,56.4687,11.5135,2014,2467,0
1902,56.47,20.11,2016,NA,0
1903,56.4716,18.6855,2017,NA,0
1904,56.4733,18.6883,2012,2778,0
1905,56.475,18.6917,2016,2778,0
1906,56.48,20.21,2016,NA,0
1907,56.4827,18.7004,2013,3671,0
1908,56.493,20.2142,2017,NA,0.002
1909,56.4937,12.048,2012,2472,0
1910,56.4961,20.1687,2017,NA,0.788
1911,56.4983,11.1297,2012,2005,0
1912,56.5097,11.1648,2013,2391,0
1913,56.5188,12.3963,2013,2218,0
1914,56.525,11.8531,2015,2168,0
1915,56.5288,12.5189,2012,2285,0
1916,56.5316,11.1646,2015,2398,0.2
1917,56.5327,11.1615,2013,2583,0
1918,56.5328,12.5192,2012,2196,0
1919,56.5383,11.5428,2013,2359,0
1920,56.54,11.1567,2014,NA,0.1
1921,56.5408,16.9173,2014,2759,0.084
1922,56.5417,16.9167,2017,2778,0
1923,56.5425,16.8375,2015,2778,0
1924,56.5433,12.5201,2015,2370,0.2
1925,56.5433,16.8372,2012,2778,0
1926,56.5448,16.8378,2012,2852,0
1927,56.5457,12.524,2013,2463,0
1928,56.5457,16.838,2014,2797,0.54
1929,56.5458,12.5198,2014,NA,0
1930,56.5463,16.8382,2014,2741,0
1931,56.5477,16.8392,2015,2797,0.21
1932,56.5483,12.5228,2013,2500,0
1933,56.5493,11.1588,2014,3712,0
1934,56.55,16.8407,2016,2778,0.004
1935,56.5543,16.8432,2016,1871,0.004
1936,56.555,11.4869,2012,2470,0
1937,56.5583,16.9167,2015,2778,0
1938,56.5583,16.9167,2016,2778,0
1939,56.56,16.8463,2017,1519,0
1940,56.5643,16.9157,2012,2797,0.004
1941,56.5657,16.9147,2017,2834,0.001
1942,56.566,16.915,2013,2741,0
1943,56.5667,16.9167,2013,2778,0
1944,56.5675,16.9155,2014,2722,0.014
1945,56.5687,16.8523,2013,2759,0.28
1946,56.5717,10.7755,2013,2374,0
1947,56.5718,10.7862,2013,2517,0
1948,56.5723,10.7873,2012,2507,0
1949,56.5767,20.4433,2017,NA,0
1950,56.5817,20.4667,2017,NA,0
1951,56.5894,11.5428,2012,2441,0
1952,56.5913,11.6925,2012,1738,0
1953,56.5925,12.2878,2014,2522,0
1954,56.5945,11.7858,2015,NA,0
1955,56.618,11.1244,2012,2265,0
1956,56.6218,11.1186,2015,NA,0
1957,56.6267,20.7183,2017,NA,0
1958,56.6283,20.7167,2016,NA,0
1959,56.63,20.72,2015,NA,0
1960,56.6317,20.6483,2016,NA,0
1961,56.6367,20.6533,2016,NA,0.0092
1962,56.6433,20.74,2016,NA,0
1963,56.645,20.7417,2015,NA,0
1964,56.645,20.745,2017,NA,0
1965,56.6467,20.705,2017,NA,0.0034
1966,56.6508,12.3016,2015,2374,0
1967,56.6517,20.5867,2016,NA,0
1968,56.6517,20.7617,2017,NA,0
1969,56.6535,11.6643,2013,2533,0
1970,56.6583,20.7517,2017,NA,0
1971,56.6617,20.7383,2017,NA,0.0022
1972,56.6618,12.5142,2014,2522,0
1973,56.6667,20.7433,2017,NA,0
1974,56.67,20.745,2015,NA,0
1975,56.6718,16.9877,2014,2908,0.018
1976,56.6725,12.4154,2012,2337,0
1977,56.6733,20.7467,2016,NA,0.001
1978,56.6735,12.523,2015,NA,0
1979,56.6737,12.045,2012,2480,0
1980,56.682,12.274,2014,NA,0.1
1981,56.6845,11.8247,2014,2411,0
1982,56.6925,16.998,2012,2704,0
1983,56.6958,17.0003,2014,2741,0.004
1984,56.7017,16.984,2015,2741,0.006
1985,56.7017,16.985,2012,2778,0
1986,56.7033,16.9847,2016,2815,0.02
1987,56.7141,10.5555,2012,2076,0
1988,56.7147,10.665,2015,NA,0
1989,56.7227,12.378,2013,2448,0
1990,56.725,16.9928,2013,2741,0.01
1991,56.7297,16.994,2017,2815,0.002
1992,56.7386,10.7831,2015,2050,0
1993,56.7395,11.924,2014,NA,0
1994,56.7402,10.5458,2014,NA,9
1995,56.741,10.5402,2014,2552,0
1996,56.7448,12.2942,2015,NA,0
1997,56.7528,11.098,2015,NA,0
1998,56.774,12.0522,2014,NA,0
1999,56.7743,10.5125,2013,2600,0
2000,56.784,10.7837,2012,2474,0
2001,56.796,11.7118,2014,2368,0
2002,56.7975,11.1238,2012,2357,0
2003,56.8018,11.1175,2013,2522,0
2004,56.8061,11.12,2015,2211,0
2005,56.817,11.713,2014,NA,0
2006,56.8185,12.2747,2012,2209,0
2007,56.8218,11.7125,2012,2576,0
2008,56.8258,11.7142,2015,NA,0
2009,56.8308,11.858,2013,2485,0
2010,56.8475,12.2522,2014,2578,0
2011,56.8752,12.2448,2013,2520,0
2012,56.8813,10.4686,2015,NA,0
2013,56.8968,10.6095,2015,NA,0
2014,56.8988,10.448,2013,2472,0
2015,56.9028,12.2092,2015,NA,0
2016,56.9333,11.449,2012,2246,0
2017,56.936,17.1742,2014,2852,0
2018,56.9389,11.4523,2014,NA,0
2019,56.94,20.3917,2017,NA,0
2020,56.9412,17.1755,2016,2778,0.039
2021,56.9467,17.1797,2012,2741,0.006
2022,56.95,11.4593,2014,2485,0
2023,56.95,20.3983,2016,NA,0.2262
2024,56.951,10.7045,2012,2213,0
2025,56.9618,17.1867,2014,2834,0.014
2026,56.965,17.1875,2015,2778,0
2027,56.965,17.1883,2013,2778,0
2028,56.9665,11.8213,2012,2168,0
2029,56.9667,10.7088,2013,2496,0
2030,56.9671,11.5806,2013,2457,0
2031,56.9672,10.4094,2012,2253,0
2032,56.9678,10.7048,2014,NA,0
2033,56.9691,10.7075,2015,1429,0
2034,56.9713,10.7043,2014,2581,0
2035,56.9803,11.7151,2015,2329,0
2036,56.9803,12.0013,2015,2459,0
2037,56.9823,10.4233,2013,1857,0
2038,56.9893,10.4308,2014,2437,0
2039,56.9935,12.0378,2013,2518,0
2040,56.9939,12.0414,2012,2489,0
2041,56.9975,17.9508,2015,2797,0.006
2042,56.9982,17.9508,2016,2722,0.012
2043,57,17.951,2017,2778,0
2044,57.0037,18.8058,2012,2797,0.028
2045,57.0133,20.7933,2017,NA,0.0116
2046,57.0154,11.568,2013,2706,0
2047,57.0167,17.9542,2014,2778,0
2048,57.0233,17.9572,2017,2834,0
2049,57.0233,21.0017,2017,NA,6.00E-04
2050,57.0283,18.82,2016,2778,0
2051,57.0285,18.821,2015,2834,2
2052,57.0318,12.1575,2013,2563,0
2053,57.0333,18.825,2017,2778,0
2054,57.0333,21.0067,2016,NA,0.0558
2055,57.0335,12.159,2013,2441,0
2056,57.0358,17.875,2015,2778,0
2057,57.0367,21.0117,2017,NA,0.0054
2058,57.0383,17.875,2016,2778,0
2059,57.0395,11.5547,2012,1622,0
2060,57.0407,11.5533,2014,2402,0
2061,57.0433,10.7058,2012,2468,0
2062,57.0455,17.145,2017,2797,0
2063,57.0483,17.9183,2016,2778,0
2064,57.0593,11.8263,2014,NA,0
2065,57.06,17.869,2017,2778,0
2066,57.0617,17.8683,2017,2778,0
2067,57.0628,17.8688,2013,2778,0.03
2068,57.065,17.8667,2012,2778,0
2069,57.065,17.8683,2012,2778,0
2070,57.0663,17.8683,2014,2778,0
2071,57.0667,17.8683,2013,2778,0
2072,57.0667,17.8683,2014,2778,0
2073,57.0667,17.8683,2015,2778,0
2074,57.0667,17.87,2016,2778,0
2075,57.0733,17.91,2017,2778,0
2076,57.0742,17.91,2013,2778,0
2077,57.0798,18.8958,2012,2667,0.16
2078,57.0875,18.905,2014,2778,0
2079,57.09,18.9033,2014,2778,0
2080,57.1005,17.2843,2014,2741,0.023
2081,57.1015,17.2848,2016,2778,0
2082,57.1023,17.2853,2016,2759,0.01
2083,57.1093,11.4915,2015,NA,0
2084,57.1227,17.2903,2015,2797,0.55
2085,57.125,17.29,2013,2778,0
2086,57.125,17.2908,2015,2778,0
2087,57.126,17.2905,2014,2815,0.036
2088,57.13,18.9783,2015,2778,0
2089,57.1333,20.5833,2016,NA,1.8967
2090,57.135,11.837,2015,NA,0
2091,57.1418,12.0045,2015,NA,0
2092,57.15,20.645,2017,NA,0.0024
2093,57.1517,20.735,2017,NA,0
2094,57.1536,12.0029,2012,2183,0
2095,57.154,18.7997,2017,2797,0.014
2096,57.155,18.7998,2017,2797,0
2097,57.1588,12.0033,2014,NA,0
2098,57.1595,12.0035,2014,2455,0
2099,57.1606,12.0035,2015,2557,0
2100,57.161,18.8023,2015,2871,0.046
2101,57.1623,12.0054,2012,2683,0
2102,57.1632,18.803,2014,2722,0.03
2103,57.1642,18.8202,2013,2797,5.074
2104,57.165,18.821,2014,2797,0.002
2105,57.1665,18.8257,2013,2778,0.08
2106,57.1668,18.8277,2017,2834,0.452
2107,57.1682,18.8327,2012,2371,0
2108,57.1688,18.836,2015,2334,0.07
2109,57.1767,18.8083,2016,2778,0.071
2110,57.1767,20.5883,2016,NA,0
2111,57.1772,18.8083,2012,2741,0.012
2112,57.1817,11.3543,2014,2367,0
2113,57.1833,20.5983,2017,NA,0.1446
2114,57.1875,10.6842,2013,2328,0
2115,57.188,10.6842,2014,NA,0
2116,57.1942,18.826,2016,2741,0.001
2117,57.2,19.05,2012,2778,0
2118,57.2,20.6717,2017,NA,0.0418
2119,57.2021,11.5603,2015,2368,0
2120,57.2083,20.6733,2017,NA,0.159
2121,57.2083,20.7067,2017,NA,6.00E-04
2122,57.21,20.7317,2016,NA,0
2123,57.2122,18.8492,2013,2778,0
2124,57.2128,18.8507,2017,2815,0.016
2125,57.213,11.3323,2015,1188,0
2126,57.2133,20.745,2017,NA,0
2127,57.2148,11.5661,2012,2404,0
2128,57.2163,11.5627,2013,2583,0
2129,57.2178,18.8563,2015,2685,0.022
2130,57.2182,18.8565,2014,2722,0.004
2131,57.2205,10.6926,2015,NA,0
2132,57.2205,11.338,2012,1596,0
2133,57.2219,11.3503,2012,2304,0
2134,57.2233,19.0633,2015,2778,0
2135,57.2233,19.0633,2017,2778,0
2136,57.2245,10.6853,2013,2643,0
2137,57.2247,11.3415,2013,2539,0
2138,57.2248,19.064,2015,2815,0.191
2139,57.225,19.065,2016,2778,0
2140,57.2252,19.0645,2013,2722,0.3
2141,57.2255,11.3556,2013,2181,0
2142,57.2289,10.692,2012,2166,0
2143,57.2297,10.688,2014,1229,0
2144,57.23,21.13,2017,NA,0
2145,57.23,21.2967,2017,NA,0.0032
2146,57.2316,10.686,2015,2161,5
2147,57.2375,11.3487,2014,NA,0
2148,57.2417,17.3953,2012,2797,0.11
2149,57.2543,19.0682,2012,2741,0.006
2150,57.26,19.08,2015,2778,0
2151,57.2627,19.0813,2013,2834,0
2152,57.2667,21.1417,2015,NA,0
2153,57.2688,17.4105,2013,2759,0.008
2154,57.2725,11.5305,2013,2515,0
2155,57.2733,19.0883,2014,2778,0
2156,57.2767,19.095,2016,2778,0
2157,57.285,19.1017,2014,2778,0
2158,57.2873,11.6377,2015,NA,0
2159,57.29,21.0067,2017,NA,0.0458
2160,57.292,19.0438,2012,2741,0.15
2161,57.3015,19.055,2016,2778,0.026
2162,57.3017,20.7,2016,NA,0
2163,57.3072,19.0592,2015,2815,0.012
2164,57.3198,11.3261,2015,2392,0
2165,57.321,19.074,2014,2797,28.766
2166,57.3213,19.0748,2013,2871,0.32
2167,57.3227,19.0762,2017,2797,0.068
2168,57.33,21.105,2015,NA,0
2169,57.3322,19.0597,2017,2815,1.8
2170,57.3324,11.6978,2012,2387,0
2171,57.3333,11.3078,2015,NA,0
2172,57.3347,11.6402,2013,2474,0
2173,57.3348,19.1293,2017,2815,0.002
2174,57.339,11.6357,2014,NA,0
2175,57.3392,11.3078,2013,2430,0
2176,57.3433,11.2892,2014,1381,0
2177,57.3433,17.8917,2017,2778,0
2178,57.3435,19.1422,2015,2778,0.316
2179,57.3472,19.1482,2012,2685,0.108
2180,57.348,19.1493,2013,2815,2.04
2181,57.3497,17.4207,2017,2815,0.004
2182,57.35,17.42,2017,2778,0
2183,57.3633,19.1733,2015,2778,0
2184,57.3642,17.9067,2012,2778,0
2185,57.365,17.9083,2012,2778,0
2186,57.365,17.9083,2013,2778,0
2187,57.365,20.8933,2017,NA,0
2188,57.365,21.255,2017,NA,0
2189,57.3682,19.1858,2016,2778,0
2190,57.3683,19.1867,2016,2778,0
2191,57.3683,20.8917,2016,NA,0.002
2192,57.37,19.1808,2017,2778,0
2193,57.37,19.1867,2014,2778,0
2194,57.3717,21.2617,2017,NA,0
2195,57.3733,21.2567,2016,NA,0
2196,57.3733,21.2567,2017,NA,0.002
2197,57.3755,11.627,2015,2583,0
2198,57.3755,16.8972,2017,1482,0.412
2199,57.3798,16.8907,2012,2611,0
2200,57.3815,16.8892,2013,2704,0
2201,57.3833,19.1717,2015,2593,0
2202,57.3848,11.6213,2014,2552,0
2203,57.3882,16.8892,2012,2630,0
2204,57.3943,16.8913,2015,2852,0
2205,57.3953,11.3145,2014,NA,0
2206,57.408,11.6047,2012,2263,0
2207,57.4087,10.7207,2012,895,0
2208,57.4183,17.022,2017,2852,0.004
2209,57.4183,21.275,2015,NA,0.0354
2210,57.4217,21.3383,2017,NA,0
2211,57.4217,21.34,2016,NA,0.001
2212,57.4302,10.7168,2014,2468,0
2213,57.4317,21.3367,2016,NA,0
2214,57.4325,10.7207,2012,2455,0
2215,57.4367,20.5633,2017,NA,0.0098
2216,57.4418,17.0008,2013,2871,0.01
2217,57.4433,21.0167,2015,NA,4.00E-04
2218,57.4443,16.9985,2012,2759,0
2219,57.45,16.992,2012,2759,0.001
2220,57.4533,10.7298,2013,2387,0.2
2221,57.4583,17.7383,2016,2778,0
2222,57.4602,10.7352,2014,NA,0
2223,57.4625,17.5467,2012,2778,0
2224,57.4683,17.55,2015,2778,0
2225,57.4698,10.715,2015,2733,0
2226,57.4713,10.8387,2015,NA,0
2227,57.4716,11.0425,2012,2326,0
2228,57.4723,10.6787,2013,2355,0
2229,57.4732,17.5542,2016,2834,0.006
2230,57.4742,17.5555,2016,2815,0.002
2231,57.4765,11.0515,2013,2411,0
2232,57.477,11.0577,2012,2322,0
2233,57.4833,17.7267,2015,2778,0
2234,57.4833,17.7267,2017,2778,0
2235,57.4833,17.7333,2016,2778,0
2236,57.4833,21.1433,2016,NA,0.1066
2237,57.484,17.7267,2012,2778,0
2238,57.484,17.7267,2013,2778,0
2239,57.4867,21.1383,2016,NA,0
2240,57.49,17.5667,2017,2778,0
2241,57.4958,17.572,2015,2741,0.271
2242,57.4967,19.249,2017,2408,0.105
2243,57.505,21.4217,2017,NA,6.00E-04
2244,57.5083,21.435,2016,NA,0.026
2245,57.5133,21.4217,2016,NA,0
2246,57.514,11.0488,2015,NA,0
2247,57.5183,11.3158,2012,2316,0
2248,57.5183,21.425,2015,NA,0
2249,57.5233,21.11,2016,NA,0.062
2250,57.5233,21.1117,2016,NA,0.016
2251,57.5237,11.5053,2014,NA,0
2252,57.5285,11.5094,2012,2102,0
2253,57.5342,11.5082,2013,2392,0
2254,57.5377,11.5015,2014,2481,0
2255,57.5432,11.5084,2012,2228,0
2256,57.5448,10.681,2013,1963,0
2257,57.5494,10.6107,2015,NA,0
2258,57.5503,11.506,2013,2433,0
2259,57.5516,10.6306,2015,2591,0
2260,57.562,10.5833,2014,NA,0
2261,57.5627,10.6601,2014,2248,0
2262,57.57,22.16,2015,NA,0.176
2263,57.573,10.7078,2012,2526,0
2264,57.5795,10.6578,2013,2513,0
2265,57.5991,10.6912,2012,2318,0
2266,57.629,19.1222,2013,2908,0
2267,57.6325,11.035,2013,2550,0
2268,57.6368,19.1245,2017,1963,0
2269,57.6517,11.0133,2012,2619,0
2270,57.6688,19.0642,2012,2834,0
2271,57.6693,19.0642,2015,2797,0.004
2272,57.6745,11.0549,2014,2220,0
2273,57.6908,11.0216,2015,2548,0
2274,57.691,19.0887,2016,2778,0
2275,57.6932,19.0912,2012,2797,0
2276,57.7022,11.2557,2014,NA,0
2277,57.7022,19.1407,2014,2296,0
2278,57.7028,19.1418,2013,2741,0
2279,57.7033,19.1423,2015,2759,0
2280,57.7035,19.1432,2015,2741,0
2281,57.7055,19.1463,2017,2797,0
2282,57.7118,11.2513,2013,2578,0
2283,57.7133,19.3875,2016,2741,0.287
2284,57.7187,19.1747,2013,2759,0
2285,57.7192,19.1755,2016,2371,0
2286,57.7367,18.2967,2014,2778,0
2287,57.7383,18.3,2015,2778,0
2288,57.761,11.0419,2012,2203,0
2289,57.7617,19.4817,2015,2778,0
2290,57.7625,19.48,2012,2778,0
2291,57.7643,11.0235,2015,2422,0
2292,57.7667,18.1667,2016,2778,0
2293,57.768,19.4815,2017,2797,0
2294,57.7695,11.0287,2013,2433,0
2295,57.77,21.39,2016,NA,0.021
2296,57.7707,11.0433,2013,2517,0
2297,57.7735,11.0343,2014,2220,0
2298,57.7743,11.0133,2012,2587,0
2299,57.7743,11.043,2014,NA,0
2300,57.7747,11.0168,2015,NA,0
2301,57.775,18.1667,2014,2778,0
2302,57.775,18.1683,2012,2778,0
2303,57.7833,21.375,2016,NA,0
2304,57.7883,18.1217,2015,2778,0
2305,57.79,18.12,2012,2778,0
2306,57.7917,18.1167,2015,2778,0
2307,57.7917,18.1167,2016,2778,0
2308,57.7917,18.1167,2017,2778,0
2309,57.7917,18.12,2012,2778,0
2310,57.7917,18.12,2013,2778,0
2311,57.7967,18.1167,2017,2778,0
2312,57.7983,21.3517,2016,NA,0.096
2313,57.805,21.3817,2017,NA,0.0012
2314,57.8077,19.5357,2013,2741,0
2315,57.8083,19.5333,2015,2778,0
2316,57.8555,19.4707,2012,2852,0.002
2317,57.858,19.4753,2013,2852,0.317
2318,57.8588,19.4768,2014,2778,0.005
2319,57.86,21.29,2015,2778,0
2320,57.8765,19.4215,2012,2741,0.044
2321,57.877,19.4205,2014,2759,0.042
2322,57.8773,19.5058,2015,2759,0.004
2323,57.88,21.44,2015,2778,0
2324,57.88,21.48,2016,2778,0.113
2325,57.889,19.4245,2017,1926,0.007
2326,57.8923,19.4258,2012,1908,0
2327,57.895,21.52,2017,2778,0.0265
2328,57.8967,21.435,2017,NA,0
2329,57.8978,19.43,2015,2797,0.453
2330,57.8983,19.4303,2016,2797,1.168
2331,57.8985,19.431,2013,2797,0
2332,57.9017,21.4633,2017,NA,0
2333,57.9057,19.4372,2014,2945,0.016
2334,57.9062,19.4378,2016,2593,0.006
2335,57.91,21.62,2015,2778,0
2336,57.92,21.61,2017,2778,0
2337,57.93,21.67,2016,2778,0
2338,57.94,22.01,2016,2778,0.013
2339,57.96,20.94,2015,2778,0.0071
2340,57.96,21.28,2017,2778,1.05
2341,57.97,21.3,2016,2778,0.034
2342,58.0017,21.0083,2017,NA,0.0036
2343,58.0037,19.5462,2015,2741,0.04
2344,58.005,20.9583,2016,NA,0.0964
2345,58.01,21.12,2017,2778,0.045
2346,58.025,19.4783,2012,2778,0
2347,58.03,20.99,2015,2778,0
2348,58.0317,21.0483,2017,NA,0.1594
2349,58.0325,19.4742,2014,2778,0
2350,58.0348,19.4967,2013,2556,0.07
2351,58.035,19.4933,2017,2778,0
2352,58.0367,19.505,2015,2778,0
2353,58.0367,20.9983,2016,NA,0
2354,58.0513,19.4613,2016,2778,0
2355,58.0518,19.4462,2013,2815,0.014
2356,58.0617,19.445,2012,2778,0
2357,58.075,19.4417,2016,2778,0
2358,58.076,19.4382,2014,2889,0.032
2359,58.0795,19.4365,2015,2797,0
2360,58.272,19.189,2012,2759,0.026
2361,58.2775,19.1847,2012,2722,0.002
2362,58.2907,19.1757,2017,2797,0
2363,58.33,21.62,2016,2778,0.0285
2364,58.46,21.62,2017,2778,0
2365,58.53,22.03,2016,NA,0
2366,58.54,22.12,2015,NA,0
2367,58.55,21.92,2017,NA,0.124
2368,58.57,21.53,2017,NA,0.045
2369,58.57,21.9,2016,NA,0.093
2370,58.58,21.43,2017,NA,0.3685
2371,58.6,21.53,2016,NA,0.289
2372,58.6,21.87,2016,NA,0.1585
2373,58.62,21.55,2016,NA,0.297
2374,58.62,21.88,2017,NA,0.0055
2375,58.64,21.92,2015,NA,0.0566
2376,58.65,22.07,2017,NA,0.0635
2377,59,21.98,2015,NA,0.0171
